Target City,Priority,Assigned Pilot,Assigned Aircraft,Distance,Weather Conditions,Pilot Skill,Aircraft Speed,Aircraft Fuel Capacity,Mission Fit Score
Amman,3,Jessica Miller,Rafale,71.86546214431395,1.0,10,2130,4700,888.7566730370868
Amman,3,Emily Davis,MiG-29,71.86546214431395,1.0,9,2450,4500,876.4671214998132
Amman,3,Jessica Miller,Su-27,71.86546214431395,1.0,10,2500,5200,876.0650687648156
Amman,3,Jessica Miller,MiG-29,71.86546214431395,1.0,10,2450,4500,865.1671489004248
Amman,3,Sarah Wilson,MiG-29,71.86546214431395,1.0,8,2450,4500,860.0649874606546
Amman,3,Jessica Miller,F-16,71.86546214431395,1.0,10,2400,5000,855.9943705567875
Amman,3,Jessica Miller,Eurofighter Typhoon,71.86546214431395,1.0,10,2495,5600,855.9500083893946
Amman,3,Emily Davis,F/A-18,71.86546214431395,1.0,9,1915,4900,855.3103638057922
Amman,3,Sarah Wilson,F/A-18,71.86546214431395,1.0,8,1915,4900,844.402839540271
Damascus,5,Jessica Miller,Rafale,218.2108468961013,1.0,10,2130,4700,840.2494991026873
Amman,3,Emily Davis,Eurofighter Typhoon,71.86546214431395,1.0,9,2495,5600,838.1892179211732
Amman,3,Jessica Miller,F/A-18,71.86546214431395,1.0,10,1915,4900,836.4695074006839
Damascus,5,Jessica Miller,F-16,218.2108468961013,1.0,10,2400,5000,834.9100510125428
Amman,3,Emily Davis,F-35,71.86546214431395,1.0,9,3000,6000,834.4152451247348
Amman,3,Chris Walker,MiG-29,71.86546214431395,1.0,7,2450,4500,830.8521763541637
Amman,3,Sarah Wilson,Rafale,71.86546214431395,1.0,8,2130,4700,828.3271838852164
Amman,3,Michael Johnson,Rafale,71.86546214431395,1.0,7,2130,4700,814.5136217361348
Amman,3,John Doe,MiG-29,71.86546214431395,1.0,8,2450,4500,813.9112948850242
Damascus,5,John Doe,MiG-29,218.2108468961013,1.0,8,2450,4500,812.6736011951062
Amman,3,John Doe,Rafale,71.86546214431395,1.0,8,2130,4700,812.2407704904846
Amman,3,Chris Walker,F-16,71.86546214431395,1.0,7,2400,5000,812.0872372409616
Damascus,5,Emily Davis,F/A-18,218.2108468961013,1.0,9,1915,4900,811.8261824436961
Amman,3,Sarah Wilson,F-16,71.86546214431395,1.0,8,2400,5000,807.8780247254208
Damascus,5,Emily Davis,MiG-29,218.2108468961013,1.0,9,2450,4500,805.3119269730532
Damascus,5,Sarah Wilson,MiG-29,218.2108468961013,1.0,8,2450,4500,803.9121249794964
Amman,3,Michael Johnson,Eurofighter Typhoon,71.86546214431395,1.0,7,2495,5600,799.7957024539315
Damascus,5,Jessica Miller,MiG-29,218.2108468961013,1.0,10,2450,4500,797.9019049200461
Baghdad,5,Emily Davis,MiG-29,878.0528605093228,1.0,9,2450,4500,797.6116176718316
Damascus,5,Sarah Wilson,F-16,218.2108468961013,1.0,8,2400,5000,797.0118882029558
Damascus,5,Emily Davis,F-35,218.2108468961013,1.0,9,3000,6000,795.8124912283854
Amman,3,Chris Walker,F-35,71.86546214431395,1.0,7,3000,6000,794.5444268332898
Damascus,5,John Doe,Su-27,218.2108468961013,1.0,8,2500,5200,794.4993227440926
Amman,3,Emily Davis,F-16,71.86546214431395,1.0,9,2400,5000,794.3212812014184
Amman,3,Chris Walker,Rafale,71.86546214431395,1.0,7,2130,4700,794.1090961480608
Baghdad,5,Jessica Miller,F/A-18,878.0528605093228,1.0,10,1915,4900,793.9388293899262
Amman,3,Robert Brown,MiG-29,71.86546214431395,1.0,5,2450,4500,793.9288852058154
Damascus,5,Emily Davis,Rafale,218.2108468961013,1.0,9,2130,4700,792.4793181996321
Amman,3,Michael Johnson,F/A-18,71.86546214431395,1.0,7,1915,4900,792.1433222729111
Amman,3,David Lee,F/A-18,71.86546214431395,1.0,6,1915,4900,791.3849315624224
Baghdad,5,Jessica Miller,MiG-29,878.0528605093228,1.0,10,2450,4500,790.4665055474799
Amman,3,Chris Walker,Eurofighter Typhoon,71.86546214431395,1.0,7,2495,5600,790.0304240853609
Damascus,5,Sarah Wilson,Rafale,218.2108468961013,1.0,8,2130,4700,788.760139057604
Amman,3,Sarah Wilson,F-35,71.86546214431395,1.0,8,3000,6000,787.0199227777008
Amman,3,John Doe,F-16,71.86546214431395,1.0,8,2400,5000,786.6416073392032
Damascus,5,Jessica Miller,F/A-18,218.2108468961013,1.0,10,1915,4900,785.9487776388248
Amman,3,Michael Johnson,F-16,71.86546214431395,1.0,7,2400,5000,784.118055488042
Damascus,5,John Doe,F-35,218.2108468961013,1.0,8,3000,6000,783.9225240539934
Amman,3,Robert Brown,F-16,71.86546214431395,1.0,5,2400,5000,783.0623967530198
Damascus,5,Chris Walker,Su-27,218.2108468961013,1.0,7,2500,5200,782.873933925129
Damascus,5,Sarah Wilson,Su-27,218.2108468961013,1.0,8,2500,5200,782.2729562586812
Damascus,5,John Doe,Eurofighter Typhoon,218.2108468961013,1.0,8,2495,5600,781.1695814607539
Damascus,5,Chris Walker,Rafale,218.2108468961013,1.0,7,2130,4700,780.1217046875869
Amman,3,Jessica Miller,F-35,71.86546214431395,1.0,10,3000,6000,779.3363587822453
Damascus,5,Michael Johnson,Rafale,218.2108468961013,1.0,7,2130,4700,778.6440272222417
Amman,3,Michael Johnson,MiG-29,71.86546214431395,1.0,7,2450,4500,778.4009436306079
Amman,3,Emily Davis,Rafale,71.86546214431395,1.0,9,2130,4700,777.9683867112495
Amman,3,Michael Johnson,Su-27,71.86546214431395,1.0,7,2500,5200,777.731478619691
Amman,3,Emily Davis,Su-27,71.86546214431395,1.0,9,2500,5200,777.3627319082623
Amman,3,Jane Smith,F/A-18,71.86546214431395,1.0,6,1915,4900,774.8781241559161
Damascus,5,Sarah Wilson,F/A-18,218.2108468961013,1.0,8,1915,4900,773.9891410861852
Damascus,5,John Doe,F/A-18,218.2108468961013,1.0,8,1915,4900,773.9030389667644
Baghdad,5,Emily Davis,F-16,878.0528605093228,1.0,9,2400,5000,772.2637675863105
Damascus,5,Jessica Miller,Su-27,218.2108468961013,1.0,10,2500,5200,771.8212889682795
Amman,3,Chris Walker,Su-27,71.86546214431395,1.0,7,2500,5200,771.5137596010914
Amman,3,Jane Smith,F-16,71.86546214431395,1.0,6,2400,5000,768.8564808124889
Damascus,5,Michael Johnson,Su-27,218.2108468961013,1.0,7,2500,5200,768.4361231314268
Damascus,5,Jane Smith,MiG-29,218.2108468961013,1.0,6,2450,4500,767.2217835410976
Amman,3,Chris Walker,F/A-18,71.86546214431395,1.0,7,1915,4900,767.0256783580073
Amman,3,Jane Smith,MiG-29,71.86546214431395,1.0,6,2450,4500,766.9977187297944
Damascus,5,Sarah Wilson,Eurofighter Typhoon,218.2108468961013,1.0,8,2495,5600,766.2620637392306
Damascus,5,Jessica Miller,Eurofighter Typhoon,218.2108468961013,1.0,10,2495,5600,764.4690179562349
Amman,3,Robert Brown,Su-27,71.86546214431395,1.0,5,2500,5200,763.0960306708876
Damascus,5,Jane Smith,F-16,218.2108468961013,1.0,6,2400,5000,763.04405394045
Baghdad,5,Jessica Miller,Rafale,878.0528605093228,1.0,10,2130,4700,762.9105846788527
Amman,3,Sarah Wilson,Su-27,71.86546214431395,1.0,8,2500,5200,762.3539029624316
Damascus,5,David Lee,F/A-18,218.2108468961013,1.0,6,1915,4900,760.8568182757814
Damascus,5,David Lee,Su-27,218.2108468961013,1.0,6,2500,5200,760.8018601746378
Amman,3,Jane Smith,Eurofighter Typhoon,71.86546214431395,1.0,6,2495,5600,760.7660528545159
Damascus,5,Robert Brown,MiG-29,218.2108468961013,1.0,5,2450,4500,759.898210232218
Damascus,5,Michael Johnson,F/A-18,218.2108468961013,1.0,7,1915,4900,758.3672746234789
Amman,3,David Lee,MiG-29,71.86546214431395,1.0,6,2450,4500,756.5844957000477
Damascus,5,Emily Davis,Su-27,218.2108468961013,1.0,9,2500,5200,755.2411365400772
Baghdad,5,Chris Walker,MiG-29,878.0528605093228,1.0,7,2450,4500,753.2114235573081
Amman,3,John Doe,F-35,71.86546214431395,1.0,8,3000,6000,753.0022695138724
Damascus,5,Chris Walker,F-35,218.2108468961013,1.0,7,3000,6000,752.8952534992465
Amman,3,David Lee,Eurofighter Typhoon,71.86546214431395,1.0,6,2495,5600,752.3603699201389
Amman,3,John Doe,F/A-18,71.86546214431395,1.0,8,1915,4900,751.9094266747926
Amman,3,Daniel Harris,MiG-29,71.86546214431395,1.0,4,2450,4500,751.7339966397617
Damascus,5,John Doe,Rafale,218.2108468961013,1.0,8,2130,4700,751.2518846058359
Amman,3,Robert Brown,Rafale,71.86546214431395,1.0,5,2130,4700,750.9796558123217
Damascus,5,Jessica Miller,F-35,218.2108468961013,1.0,10,3000,6000,750.212309851982
Amman,3,David Lee,Rafale,71.86546214431395,1.0,6,2130,4700,750.2056571346668
Baghdad,5,Jessica Miller,Su-27,878.0528605093228,1.0,10,2500,5200,749.8922783256
Amman,3,Sarah Wilson,Eurofighter Typhoon,71.86546214431395,1.0,8,2495,5600,748.2079133774721
Kabul,4,Emily Davis,Rafale,3183.8744424786387,1.0,9,2130,4700,747.3967981948816
Baghdad,5,Sarah Wilson,MiG-29,878.0528605093228,1.0,8,2450,4500,746.5962788145055
Damascus,5,David Lee,F-35,218.2108468961013,1.0,6,3000,6000,746.4369447348259
Baghdad,5,John Doe,F/A-18,878.0528605093228,1.0,8,1915,4900,745.6989416647468
Baghdad,5,John Doe,F-16,878.0528605093228,1.0,8,2400,5000,745.2872115685891
Amman,3,John Doe,Su-27,71.86546214431395,1.0,8,2500,5200,744.1447062875662
Damascus,5,David Lee,F-16,218.2108468961013,1.0,6,2400,5000,743.1306537146738
Damascus,5,Michael Johnson,F-16,218.2108468961013,1.0,7,2400,5000,742.4234262537638
Amman,3,David Lee,F-35,71.86546214431395,1.0,6,3000,6000,741.4477877269783
Baghdad,5,Emily Davis,Rafale,878.0528605093228,1.0,9,2130,4700,740.7685357923184
Baghdad,5,Sarah Wilson,F/A-18,878.0528605093228,1.0,8,1915,4900,740.0360764133551
Kabul,4,Jessica Miller,Su-27,3183.8744424786387,1.0,10,2500,5200,738.4823840710244
Baghdad,5,Emily Davis,Eurofighter Typhoon,878.0528605093228,1.0,9,2495,5600,738.3838668448143
Damascus,5,Daniel Harris,Rafale,218.2108468961013,1.0,4,2130,4700,735.0345527954767
Damascus,5,Emily Davis,F-16,218.2108468961013,1.0,9,2400,5000,734.9118121780809
Amman,3,David Lee,Su-27,71.86546214431395,1.0,6,2500,5200,734.177613603686
Damascus,5,Emily Davis,Eurofighter Typhoon,218.2108468961013,1.0,9,2495,5600,731.7311304223432
Amman,3,Daniel Harris,F-16,71.86546214431395,1.0,4,2400,5000,730.1484233860733
Amman,3,Jane Smith,Rafale,71.86546214431395,1.0,6,2130,4700,730.0408867214732
Amman,3,John Doe,Eurofighter Typhoon,71.86546214431395,1.0,8,2495,5600,729.9010620237696
Baghdad,5,Emily Davis,F/A-18,878.0528605093228,1.0,9,1915,4900,728.8510865284679
Amman,3,Robert Brown,F/A-18,71.86546214431395,1.0,5,1915,4900,727.7710020449412
Kabul,4,Jessica Miller,Rafale,3183.8744424786387,1.0,10,2130,4700,727.5997984497279
Damascus,5,Jane Smith,Rafale,218.2108468961013,1.0,6,2130,4700,727.4495144488487
Baghdad,5,Jessica Miller,F-35,878.0528605093228,1.0,10,3000,6000,727.2695924185953
Kabul,4,Emily Davis,F-16,3183.8744424786387,1.0,9,2400,5000,727.0231092225248
Damascus,5,Michael Johnson,MiG-29,218.2108468961013,1.0,7,2450,4500,726.6040623726187
Damascus,5,David Lee,Rafale,218.2108468961013,1.0,6,2130,4700,725.7959725979151
Baghdad,5,David Lee,MiG-29,878.0528605093228,1.0,6,2450,4500,724.8143014609122
Baghdad,5,John Doe,Eurofighter Typhoon,878.0528605093228,1.0,8,2495,5600,723.0337248061056
Baghdad,5,Jane Smith,F/A-18,878.0528605093228,1.0,6,1915,4900,721.9409127203616
Baghdad,5,John Doe,Rafale,878.0528605093228,1.0,8,2130,4700,721.6128949211811
Damascus,5,Jane Smith,Su-27,218.2108468961013,1.0,6,2500,5200,721.2026597257452
Baghdad,5,Emily Davis,Su-27,878.0528605093228,1.0,9,2500,5200,721.0673129931124
Mosul,2,Jessica Miller,MiG-29,887.0782724853661,1.0,10,2450,4500,720.7201730737316
Amman,3,Jane Smith,Su-27,71.86546214431395,1.0,6,2500,5200,720.638277817319
Damascus,5,Chris Walker,MiG-29,218.2108468961013,1.0,7,2450,4500,720.3432695300738
Baghdad,5,Jessica Miller,Eurofighter Typhoon,878.0528605093228,1.0,10,2495,5600,719.9211087667298
Baghdad,5,Jessica Miller,F-16,878.0528605093228,1.0,10,2400,5000,719.7979530850376
Baghdad,5,Michael Johnson,MiG-29,878.0528605093228,1.0,7,2450,4500,718.5533224122772
Damascus,5,Robert Brown,F-35,218.2108468961013,1.0,5,3000,6000,717.0062323217096
Amman,3,Daniel Harris,Su-27,71.86546214431395,1.0,4,2500,5200,716.8030930091579
Damascus,5,John Doe,F-16,218.2108468961013,1.0,8,2400,5000,716.2227681223707
Amman,3,David Lee,F-16,71.86546214431395,1.0,6,2400,5000,715.5046779630644
Kabul,4,Emily Davis,F/A-18,3183.8744424786387,1.0,9,1915,4900,715.1219146091186
Kabul,4,Jessica Miller,MiG-29,3183.8744424786387,1.0,10,2450,4500,714.8693421906542
Mosul,2,Emily Davis,Rafale,887.0782724853661,1.0,9,2130,4700,714.8532294819228
Kabul,4,Jessica Miller,F-16,3183.8744424786387,1.0,10,2400,5000,714.380713441229
Kabul,4,Jessica Miller,Eurofighter Typhoon,3183.8744424786387,1.0,10,2495,5600,712.6269168671646
Baghdad,5,Jane Smith,Su-27,878.0528605093228,1.0,6,2500,5200,712.1831522727397
Amman,3,Michael Johnson,F-35,71.86546214431395,1.0,7,3000,6000,710.3335104805341
Baghdad,5,Jane Smith,Rafale,878.0528605093228,1.0,6,2130,4700,709.0747597034974
Amman,3,Daniel Harris,Rafale,71.86546214431395,1.0,4,2130,4700,707.7588816143708
Damascus,5,Chris Walker,Eurofighter Typhoon,218.2108468961013,1.0,7,2495,5600,707.6565868240432
Damascus,5,Robert Brown,F/A-18,218.2108468961013,1.0,5,1915,4900,707.3356208731457
Kabul,4,Jessica Miller,F/A-18,3183.8744424786387,1.0,10,1915,4900,706.1007041694569
Damascus,5,Chris Walker,F-16,218.2108468961013,1.0,7,2400,5000,705.4436702039885
Baghdad,5,Sarah Wilson,Eurofighter Typhoon,878.0528605093228,1.0,8,2495,5600,705.2073183080448
Baghdad,5,David Lee,F/A-18,878.0528605093228,1.0,6,1915,4900,704.7322754293359
Damascus,5,Daniel Harris,F-35,218.2108468961013,1.0,4,3000,6000,704.3635772726188
Damascus,5,Chris Walker,F/A-18,218.2108468961013,1.0,7,1915,4900,703.3247089160234
Damascus,5,Sarah Wilson,F-35,218.2108468961013,1.0,8,3000,6000,702.822541923763
Amman,3,Robert Brown,F-35,71.86546214431395,1.0,5,3000,6000,701.973766636889
Damascus,5,Daniel Harris,F-16,218.2108468961013,1.0,4,2400,5000,700.9095965997766
Mosul,2,Jessica Miller,Rafale,887.0782724853661,1.0,10,2130,4700,700.609119364588
Damascus,5,Robert Brown,Eurofighter Typhoon,218.2108468961013,1.0,5,2495,5600,699.9642678429345
Kabul,4,Michael Johnson,F/A-18,3183.8744424786387,1.0,7,1915,4900,699.894938648328
Baghdad,5,Robert Brown,F-16,878.0528605093228,1.0,5,2400,5000,699.4370081865964
Kabul,4,John Doe,F-16,3183.8744424786387,1.0,8,2400,5000,699.3748891455276
Kandahar,1,Jessica Miller,MiG-29,2890.1779184789134,1.0,10,2450,4500,698.7311156795599
Baghdad,5,Jane Smith,F-16,878.0528605093228,1.0,6,2400,5000,698.3368619410679
Amman,3,Jane Smith,F-35,71.86546214431395,1.0,6,3000,6000,698.2895021585366
Mosul,2,Emily Davis,MiG-29,887.0782724853661,1.0,9,2450,4500,698.277764017666
Kabul,4,Sarah Wilson,Su-27,3183.8744424786387,1.0,8,2500,5200,696.8017652286942
Marrakesh,1,Jessica Miller,MiG-29,4061.454053687525,1.0,10,2450,4500,696.7186428007954
Baghdad,5,Sarah Wilson,Rafale,878.0528605093228,1.0,8,2130,4700,696.102075742174
Baghdad,5,David Lee,Rafale,878.0528605093228,1.0,6,2130,4700,695.9616963057861
Baghdad,5,Emily Davis,F-35,878.0528605093228,1.0,9,3000,6000,695.8126405483381
Baghdad,5,Sarah Wilson,Su-27,878.0528605093228,1.0,8,2500,5200,695.7852156581639
Kabul,4,Michael Johnson,Rafale,3183.8744424786387,1.0,7,2130,4700,695.3905076476806
Baghdad,5,John Doe,MiG-29,878.0528605093228,1.0,8,2450,4500,693.7934191355813
Damascus,5,David Lee,MiG-29,218.2108468961013,1.0,6,2450,4500,692.9600409689984
Kabul,4,John Doe,MiG-29,3183.8744424786387,1.0,8,2450,4500,691.2225245794003
Baghdad,5,David Lee,Eurofighter Typhoon,878.0528605093228,1.0,6,2495,5600,690.8655216336759
Mosul,2,Jessica Miller,F-16,887.0782724853661,1.0,10,2400,5000,688.6903048080447
Damascus,5,Robert Brown,Rafale,218.2108468961013,1.0,5,2130,4700,688.6868594111228
Damascus,5,Michael Johnson,Eurofighter Typhoon,218.2108468961013,1.0,7,2495,5600,687.751208084351
Kabul,4,Jane Smith,Rafale,3183.8744424786387,1.0,6,2130,4700,687.7000436909104
Baghdad,5,David Lee,F-16,878.0528605093228,1.0,6,2400,5000,687.0426464716782
Baghdad,5,Michael Johnson,Su-27,878.0528605093228,1.0,7,2500,5200,686.705320522572
Mosul,2,Sarah Wilson,F/A-18,887.0782724853661,1.0,8,1915,4900,686.5432053269143
Damascus,5,Robert Brown,Su-27,218.2108468961013,1.0,5,2500,5200,685.5558782444065
Baghdad,5,Michael Johnson,F-16,878.0528605093228,1.0,7,2400,5000,685.4895110876588
Baghdad,5,John Doe,Su-27,878.0528605093228,1.0,8,2500,5200,684.4126931130742
Kabul,4,David Lee,F-16,3183.8744424786387,1.0,6,2400,5000,684.353794783127
Baghdad,5,Robert Brown,Su-27,878.0528605093228,1.0,5,2500,5200,684.1425263444263
Amman,3,Daniel Harris,Eurofighter Typhoon,71.86546214431395,1.0,4,2495,5600,684.0855588822093
Damascus,5,Jane Smith,F/A-18,218.2108468961013,1.0,6,1915,4900,682.9579313787908
Baghdad,5,Michael Johnson,F/A-18,878.0528605093228,1.0,7,1915,4900,682.908179121278
Baghdad,5,David Lee,Su-27,878.0528605093228,1.0,6,2500,5200,682.1764258656779
Amman,3,Robert Brown,Eurofighter Typhoon,71.86546214431395,1.0,5,2495,5600,681.2355824526451
Baghdad,5,Sarah Wilson,F-16,878.0528605093228,1.0,8,2400,5000,681.211121673458
Kabul,4,Chris Walker,Su-27,3183.8744424786387,1.0,7,2500,5200,680.7456188793777
Kabul,4,Sarah Wilson,F/A-18,3183.8744424786387,1.0,8,1915,4900,680.5371863447344
Baghdad,5,Chris Walker,F/A-18,878.0528605093228,1.0,7,1915,4900,679.4414752656495
Mosul,2,John Doe,MiG-29,887.0782724853661,1.0,8,2450,4500,679.0648594967672
Mosul,2,Emily Davis,F/A-18,887.0782724853661,1.0,9,1915,4900,678.9222225689844
Mosul,2,John Doe,F/A-18,887.0782724853661,1.0,8,1915,4900,677.9724053250001
Baghdad,5,Chris Walker,Rafale,878.0528605093228,1.0,7,2130,4700,677.5029918893283
Baghdad,5,Michael Johnson,Eurofighter Typhoon,878.0528605093228,1.0,7,2495,5600,676.3312781794396
Baghdad,5,Jane Smith,MiG-29,878.0528605093228,1.0,6,2450,4500,676.070520125669
Mosul,2,Jessica Miller,F/A-18,887.0782724853661,1.0,10,1915,4900,676.0168183429131
Kabul,4,Emily Davis,MiG-29,3183.8744424786387,1.0,9,2450,4500,675.643433986686
Damascus,5,Michael Johnson,F-35,218.2108468961013,1.0,7,3000,6000,675.4072129572486
Mosul,2,Jessica Miller,Eurofighter Typhoon,887.0782724853661,1.0,10,2495,5600,674.4049454488787
Kabul,4,Sarah Wilson,MiG-29,3183.8744424786387,1.0,8,2450,4500,673.8063977867668
Damascus,5,Jane Smith,Eurofighter Typhoon,218.2108468961013,1.0,6,2495,5600,673.4874053039082
Fallujah,1,Jessica Miller,F-35,821.3684317572421,1.0,10,3000,6000,673.4843849926792
Damascus,5,David Lee,Eurofighter Typhoon,218.2108468961013,1.0,6,2495,5600,673.407326288758
Marrakesh,1,Jessica Miller,F-16,4061.454053687525,1.0,10,2400,5000,673.1371203848967
Damascus,5,Jane Smith,F-35,218.2108468961013,1.0,6,3000,6000,672.937602178743
Amman,3,Daniel Harris,F/A-18,71.86546214431395,1.0,4,1915,4900,672.4841871042097
Fallujah,1,Jessica Miller,F/A-18,821.3684317572421,1.0,10,1915,4900,671.6521688909137
Kabul,4,Michael Johnson,MiG-29,3183.8744424786387,1.0,7,2450,4500,671.4893372409769
Kabul,4,Sarah Wilson,F-35,3183.8744424786387,1.0,8,3000,6000,671.2763990043653
Baghdad,5,Sarah Wilson,F-35,878.0528605093228,1.0,8,3000,6000,671.0862005441662
Baghdad,5,Chris Walker,F-16,878.0528605093228,1.0,7,2400,5000,670.2888288899236
Kandahar,1,Jessica Miller,Rafale,2890.1779184789134,1.0,10,2130,4700,670.2696505881036
Baghdad,5,Jane Smith,F-35,878.0528605093228,1.0,6,3000,6000,669.4352146398796
Kabul,4,Chris Walker,MiG-29,3183.8744424786387,1.0,7,2450,4500,667.8746210661719
Damascus,5,Daniel Harris,F/A-18,218.2108468961013,1.0,4,1915,4900,667.6910733668276
Mosul,2,John Doe,Rafale,887.0782724853661,1.0,8,2130,4700,666.7268542127938
Kabul,4,Robert Brown,Rafale,3183.8744424786387,1.0,5,2130,4700,666.3406365203009
Kandahar,1,John Doe,MiG-29,2890.1779184789134,1.0,8,2450,4500,666.2375254284232
Damascus,5,Robert Brown,F-16,218.2108468961013,1.0,5,2400,5000,666.029939689837
Mosul,2,Sarah Wilson,F-16,887.0782724853661,1.0,8,2400,5000,665.7792319127519
Baghdad,5,Jane Smith,Eurofighter Typhoon,878.0528605093228,1.0,6,2495,5600,665.5240975171422
Kabul,4,Michael Johnson,F-16,3183.8744424786387,1.0,7,2400,5000,664.3622006688564
Baghdad,5,Michael Johnson,Rafale,878.0528605093228,1.0,7,2130,4700,664.1784494491151
Marrakesh,1,Jessica Miller,F/A-18,4061.454053687525,1.0,10,1915,4900,664.0372751491575
Baghdad,5,Chris Walker,Su-27,878.0528605093228,1.0,7,2500,5200,663.8526463023658
Kabul,4,Jessica Miller,F-35,3183.8744424786387,1.0,10,3000,6000,662.6521634890059
Kabul,4,Chris Walker,F/A-18,3183.8744424786387,1.0,7,1915,4900,662.0571407122717
Kabul,4,Sarah Wilson,Eurofighter Typhoon,3183.8744424786387,1.0,8,2495,5600,661.8083276889777
Baghdad,5,Daniel Harris,F/A-18,878.0528605093228,1.0,4,1915,4900,661.5116338236883
Amman,3,Daniel Harris,F-35,71.86546214431395,1.0,4,3000,6000,660.9951853836246
Kabul,4,John Doe,F/A-18,3183.8744424786387,1.0,8,1915,4900,660.9575827182945
Kabul,4,Jane Smith,Su-27,3183.8744424786387,1.0,6,2500,5200,660.4878569755198
Kabul,4,Emily Davis,F-35,3183.8744424786387,1.0,9,3000,6000,659.4129916513563
Marrakesh,1,Jessica Miller,Rafale,4061.454053687525,1.0,10,2130,4700,658.7215828659129
Mosul,2,Emily Davis,F-16,887.0782724853661,1.0,9,2400,5000,658.6955558847044
Baghdad,5,Daniel Harris,Su-27,878.0528605093228,1.0,4,2500,5200,658.1017356031685
Fallujah,1,Sarah Wilson,MiG-29,821.3684317572421,1.0,8,2450,4500,657.8299253820624
Kandahar,1,Sarah Wilson,Rafale,2890.1779184789134,1.0,8,2130,4700,657.8276941419042
Marrakesh,1,Sarah Wilson,Rafale,4061.454053687525,1.0,8,2130,4700,657.6848615891377
Kandahar,1,Emily Davis,MiG-29,2890.1779184789134,1.0,9,2450,4500,656.0565130723522
Baghdad,5,Michael Johnson,F-35,878.0528605093228,1.0,7,3000,6000,655.6235291013506
Mosul,2,Jessica Miller,F-35,887.0782724853661,1.0,10,3000,6000,655.4599176791179
Fallujah,1,Emily Davis,Eurofighter Typhoon,821.3684317572421,1.0,9,2495,5600,655.4462251564335
Mosul,2,Sarah Wilson,Eurofighter Typhoon,887.0782724853661,1.0,8,2495,5600,655.4095602244455
Mosul,2,Jane Smith,MiG-29,887.0782724853661,1.0,6,2450,4500,655.2286051371159
Kabul,4,Sarah Wilson,Rafale,3183.8744424786387,1.0,8,2130,4700,655.1862063312378
Kabul,4,John Doe,Su-27,3183.8744424786387,1.0,8,2500,5200,654.9760503951181
Kabul,4,Daniel Harris,Rafale,3183.8744424786387,1.0,4,2130,4700,654.8650339079793
Kabul,4,Michael Johnson,Eurofighter Typhoon,3183.8744424786387,1.0,7,2495,5600,654.3401436584782
Baghdad,5,Chris Walker,Eurofighter Typhoon,878.0528605093228,1.0,7,2495,5600,653.5012009228114
Baghdad,5,Robert Brown,MiG-29,878.0528605093228,1.0,5,2450,4500,653.4050169659123
Damascus,5,Daniel Harris,MiG-29,218.2108468961013,1.0,4,2450,4500,653.1267288925645
Mosul,2,Sarah Wilson,MiG-29,887.0782724853661,1.0,8,2450,4500,652.2749778551421
Fallujah,1,Emily Davis,F/A-18,821.3684317572421,1.0,9,1915,4900,652.1667888893912
Mosul,2,Emily Davis,Su-27,887.0782724853661,1.0,9,2500,5200,651.9692187002548
Fallujah,1,Sarah Wilson,Rafale,821.3684317572421,1.0,8,2130,4700,650.9654402670625
Kabul,4,Emily Davis,Su-27,3183.8744424786387,1.0,9,2500,5200,650.0253372188009
Mosul,2,Michael Johnson,Su-27,887.0782724853661,1.0,7,2500,5200,649.9555884886158
Fallujah,1,Jessica Miller,Rafale,821.3684317572421,1.0,10,2130,4700,649.7796262634232
Baghdad,5,John Doe,F-35,878.0528605093228,1.0,8,3000,6000,649.1779026655761
Fallujah,1,John Doe,F-16,821.3684317572421,1.0,8,2400,5000,648.5778212533542
Kandahar,1,Jessica Miller,Eurofighter Typhoon,2890.1779184789134,1.0,10,2495,5600,648.4621227759499
Fallujah,1,Emily Davis,Rafale,821.3684317572421,1.0,9,2130,4700,647.4902667724525
Kandahar,1,Sarah Wilson,MiG-29,2890.1779184789134,1.0,8,2450,4500,647.4542756511847
Kabul,4,John Doe,Rafale,3183.8744424786387,1.0,8,2130,4700,646.9062192785979
Kabul,4,Jane Smith,F-16,3183.8744424786387,1.0,6,2400,5000,646.026233352726
Baghdad,5,Robert Brown,Rafale,878.0528605093228,1.0,5,2130,4700,645.7658191549926
Kabul,4,Sarah Wilson,F-16,3183.8744424786387,1.0,8,2400,5000,645.3873493181566
Mosul,2,Michael Johnson,F/A-18,887.0782724853661,1.0,7,1915,4900,644.4608812855016
Kabul,4,John Doe,F-35,3183.8744424786387,1.0,8,3000,6000,644.2983952598697
Fallujah,1,Jessica Miller,Eurofighter Typhoon,821.3684317572421,1.0,10,2495,5600,644.2602897680531
Marrakesh,1,John Doe,Rafale,4061.454053687525,1.0,8,2130,4700,643.8220738328954
Kandahar,1,Jessica Miller,F-35,2890.1779184789134,1.0,10,3000,6000,643.5368228023365
Fallujah,1,Emily Davis,MiG-29,821.3684317572421,1.0,9,2450,4500,643.3359301927295
Marrakesh,1,Jessica Miller,Su-27,4061.454053687525,1.0,10,2500,5200,643.1211436444457
Mosul,2,Jane Smith,F/A-18,887.0782724853661,1.0,6,1915,4900,642.9283166930464
Kandahar,1,Emily Davis,Rafale,2890.1779184789134,1.0,9,2130,4700,642.8674999773785
Fallujah,1,Emily Davis,F-35,821.3684317572421,1.0,9,3000,6000,641.762335914321
Kabul,4,David Lee,F-35,3183.8744424786387,1.0,6,3000,6000,641.3105540745394
Fallujah,1,Sarah Wilson,Su-27,821.3684317572421,1.0,8,2500,5200,641.308927417898
Fallujah,1,Sarah Wilson,F/A-18,821.3684317572421,1.0,8,1915,4900,641.2742835762483
Mosul,2,Jessica Miller,Su-27,887.0782724853661,1.0,10,2500,5200,641.0807064152494
Mosul,2,Chris Walker,Rafale,887.0782724853661,1.0,7,2130,4700,640.5036809109997
Mosul,2,John Doe,Eurofighter Typhoon,887.0782724853661,1.0,8,2495,5600,639.9764553958613
Marrakesh,1,John Doe,MiG-29,4061.454053687525,1.0,8,2450,4500,639.4280245794389
Mosul,2,Michael Johnson,MiG-29,887.0782724853661,1.0,7,2450,4500,638.3492963967724
Kabul,4,Chris Walker,Rafale,3183.8744424786387,1.0,7,2130,4700,638.016311570805
Kabul,4,Chris Walker,F-16,3183.8744424786387,1.0,7,2400,5000,637.269016335847
Mosul,2,Emily Davis,F-35,887.0782724853661,1.0,9,3000,6000,636.5847332712013
Kabul,4,Emily Davis,Eurofighter Typhoon,3183.8744424786387,1.0,9,2495,5600,635.6539050243699
Kabul,4,David Lee,MiG-29,3183.8744424786387,1.0,6,2450,4500,634.5722011149935
Baghdad,5,Daniel Harris,F-35,878.0528605093228,1.0,4,3000,6000,634.4957298427144
Fallujah,1,Sarah Wilson,F-35,821.3684317572421,1.0,8,3000,6000,633.7821545859064
Damascus,5,Daniel Harris,Su-27,218.2108468961013,1.0,4,2500,5200,633.6974760860177
Kabul,4,John Doe,Eurofighter Typhoon,3183.8744424786387,1.0,8,2495,5600,632.0849377178728
Mosul,2,Chris Walker,Su-27,887.0782724853661,1.0,7,2500,5200,632.0038454702268
Kabul,4,Robert Brown,Su-27,3183.8744424786387,1.0,5,2500,5200,631.6038965182493
Kandahar,1,Chris Walker,MiG-29,2890.1779184789134,1.0,7,2450,4500,631.5397801035022
Fallujah,1,Michael Johnson,MiG-29,821.3684317572421,1.0,7,2450,4500,631.4408063156665
Kabul,4,David Lee,Rafale,3183.8744424786387,1.0,6,2130,4700,630.8718111764567
Kabul,4,Daniel Harris,Su-27,3183.8744424786387,1.0,4,2500,5200,629.9836739671043
Kandahar,1,Emily Davis,F/A-18,2890.1779184789134,1.0,9,1915,4900,629.6354929207068
Mosul,2,Michael Johnson,F-35,887.0782724853661,1.0,7,3000,6000,629.1480611999045
Fallujah,1,Jessica Miller,F-16,821.3684317572421,1.0,10,2400,5000,628.7691029944621
Kandahar,1,John Doe,Rafale,2890.1779184789134,1.0,8,2130,4700,628.2627238947063
Kabul,4,Robert Brown,F/A-18,3183.8744424786387,1.0,5,1915,4900,628.1463662038883
Marrakesh,1,Sarah Wilson,F/A-18,4061.454053687525,1.0,8,1915,4900,627.6339402507938
Marrakesh,1,Jessica Miller,Eurofighter Typhoon,4061.454053687525,1.0,10,2495,5600,627.5618733667517
Fallujah,1,Jessica Miller,MiG-29,821.3684317572421,1.0,10,2450,4500,627.230174177111
Kabul,4,Robert Brown,F-35,3183.8744424786387,1.0,5,3000,6000,626.4935218472087
Baghdad,5,Chris Walker,F-35,878.0528605093228,1.0,7,3000,6000,626.3383011069445
Fallujah,1,Michael Johnson,Rafale,821.3684317572421,1.0,7,2130,4700,626.1760753702183
Fallujah,1,Michael Johnson,F-16,821.3684317572421,1.0,7,2400,5000,625.4951819619854
Marrakesh,1,Michael Johnson,Rafale,4061.454053687525,1.0,7,2130,4700,625.4474348951215
Kabul,4,Jane Smith,F/A-18,3183.8744424786387,1.0,6,1915,4900,625.3483862983704
Kabul,4,Chris Walker,F-35,3183.8744424786387,1.0,7,3000,6000,624.5668199372111
Damascus,5,Daniel Harris,Eurofighter Typhoon,218.2108468961013,1.0,4,2495,5600,623.4740294206066
Marrakesh,1,Emily Davis,MiG-29,4061.454053687525,1.0,9,2450,4500,623.3815805231084
Mosul,2,Chris Walker,MiG-29,887.0782724853661,1.0,7,2450,4500,623.2358796451217
Kabul,4,Jane Smith,MiG-29,3183.8744424786387,1.0,6,2450,4500,622.9748609458037
Mosul,2,Sarah Wilson,Rafale,887.0782724853661,1.0,8,2130,4700,622.5759360765462
Fallujah,1,Jane Smith,F/A-18,821.3684317572421,1.0,6,1915,4900,622.3560825188109
Baghdad,5,David Lee,F-35,878.0528605093228,1.0,6,3000,6000,622.2082549412405
Mosul,2,Daniel Harris,MiG-29,887.0782724853661,1.0,4,2450,4500,621.196399562897
Fallujah,1,Jessica Miller,Su-27,821.3684317572421,1.0,10,2500,5200,621.0614383618591
Mosul,2,Sarah Wilson,Su-27,887.0782724853661,1.0,8,2500,5200,620.9459028334329
Kabul,4,Robert Brown,Eurofighter Typhoon,3183.8744424786387,1.0,5,2495,5600,620.411280721366
Kabul,4,David Lee,Eurofighter Typhoon,3183.8744424786387,1.0,6,2495,5600,620.1733354457983
Baghdad,5,Daniel Harris,MiG-29,878.0528605093228,1.0,4,2450,4500,619.4198010003674
Baghdad,5,Robert Brown,F-35,878.0528605093228,1.0,5,3000,6000,619.2277909012961
Fallujah,1,Chris Walker,Eurofighter Typhoon,821.3684317572421,1.0,7,2495,5600,619.0460538182689
Kandahar,1,John Doe,F/A-18,2890.1779184789134,1.0,8,1915,4900,618.1631779329877
Marrakesh,1,Michael Johnson,MiG-29,4061.454053687525,1.0,7,2450,4500,616.9661921331542
Kandahar,1,Jessica Miller,Su-27,2890.1779184789134,1.0,10,2500,5200,616.3998369045291
Kandahar,1,Jane Smith,Rafale,2890.1779184789134,1.0,6,2130,4700,615.8240379267045
Fallujah,1,David Lee,MiG-29,821.3684317572421,1.0,6,2450,4500,614.9789455904015
Marrakesh,1,Emily Davis,F/A-18,4061.454053687525,1.0,9,1915,4900,614.0645750052388
Fallujah,1,John Doe,Su-27,821.3684317572421,1.0,8,2500,5200,614.0185288062548
Mosul,2,Jane Smith,Rafale,887.0782724853661,1.0,6,2130,4700,613.5387744896946
Marrakesh,1,Michael Johnson,F-16,4061.454053687525,1.0,7,2400,5000,613.2099480421947
Fallujah,1,Emily Davis,F-16,821.3684317572421,1.0,9,2400,5000,613.1903319259762
Baghdad,5,Daniel Harris,Rafale,878.0528605093228,1.0,4,2130,4700,612.2336643647521
Fallujah,1,Emily Davis,Su-27,821.3684317572421,1.0,9,2500,5200,611.7721139849402
Marrakesh,1,Chris Walker,F-16,4061.454053687525,1.0,7,2400,5000,611.5107047373214
Fallujah,1,David Lee,F/A-18,821.3684317572421,1.0,6,1915,4900,611.234406233024
Marrakesh,1,John Doe,F/A-18,4061.454053687525,1.0,8,1915,4900,610.9540372144413
Mosul,2,David Lee,F/A-18,887.0782724853661,1.0,6,1915,4900,610.9276516265659
Kabul,4,Michael Johnson,Su-27,3183.8744424786387,1.0,7,2500,5200,610.8992629974671
Mosul,2,Chris Walker,F-16,887.0782724853661,1.0,7,2400,5000,610.3488384062564
Marrakesh,1,Sarah Wilson,F-35,4061.454053687525,1.0,8,3000,6000,610.2335010917669
Baghdad,5,Robert Brown,F/A-18,878.0528605093228,1.0,5,1915,4900,610.2243079261108
Mosul,2,Chris Walker,F-35,887.0782724853661,1.0,7,3000,6000,609.723326003613
Fallujah,1,David Lee,Rafale,821.3684317572421,1.0,6,2130,4700,609.1140735741748
Fallujah,1,Jane Smith,MiG-29,821.3684317572421,1.0,6,2450,4500,608.9473290109084
Marrakesh,1,Chris Walker,Eurofighter Typhoon,4061.454053687525,1.0,7,2495,5600,608.3058216713468
Mosul,2,Jane Smith,Su-27,887.0782724853661,1.0,6,2500,5200,607.2797551351779
Mosul,2,John Doe,F-35,887.0782724853661,1.0,8,3000,6000,607.1517447056301
Fallujah,1,David Lee,F-16,821.3684317572421,1.0,6,2400,5000,606.3720092386619
Mosul,2,David Lee,Rafale,887.0782724853661,1.0,6,2130,4700,605.7461734014529
Fallujah,1,John Doe,Rafale,821.3684317572421,1.0,8,2130,4700,604.9327472930302
Fallujah,1,John Doe,F-35,821.3684317572421,1.0,8,3000,6000,604.075194042693
Kandahar,1,Jessica Miller,F/A-18,2890.1779184789134,1.0,10,1915,4900,603.6635213608081
Marrakesh,1,Emily Davis,Su-27,4061.454053687525,1.0,9,2500,5200,603.4696967046352
Marrakesh,1,Sarah Wilson,MiG-29,4061.454053687525,1.0,8,2450,4500,602.9282174820607
Mosul,2,Emily Davis,Eurofighter Typhoon,887.0782724853661,1.0,9,2495,5600,602.6151303130616
Kabul,4,Daniel Harris,F-16,3183.8744424786387,1.0,4,2400,5000,602.0768185014962
Kabul,4,Robert Brown,MiG-29,3183.8744424786387,1.0,5,2450,4500,601.5906006937204
Fallujah,1,Sarah Wilson,Eurofighter Typhoon,821.3684317572421,1.0,8,2495,5600,600.6945972011275
Marrakesh,1,Jane Smith,Rafale,4061.454053687525,1.0,6,2130,4700,600.6072887342235
Kandahar,1,John Doe,F-35,2890.1779184789134,1.0,8,3000,6000,600.5041881421915
Kandahar,1,Sarah Wilson,F/A-18,2890.1779184789134,1.0,8,1915,4900,600.4927452649896
Kandahar,1,Jessica Miller,F-16,2890.1779184789134,1.0,10,2400,5000,600.3645398094787
Mosul,2,David Lee,Su-27,887.0782724853661,1.0,6,2500,5200,599.8713719441997
Kabul,4,David Lee,F/A-18,3183.8744424786387,1.0,6,1915,4900,599.1945902503285
Kandahar,1,Emily Davis,Su-27,2890.1779184789134,1.0,9,2500,5200,598.9443569358054
Fallujah,1,Chris Walker,MiG-29,821.3684317572421,1.0,7,2450,4500,598.7183668818342
Marrakesh,1,John Doe,F-16,4061.454053687525,1.0,8,2400,5000,598.6923278222617
Mosul,2,David Lee,F-35,887.0782724853661,1.0,6,3000,6000,597.5749562519508
Fallujah,1,Michael Johnson,F/A-18,821.3684317572421,1.0,7,1915,4900,597.0931144769099
Mosul,2,Robert Brown,Rafale,887.0782724853661,1.0,5,2130,4700,596.7310525935737
Baghdad,5,Robert Brown,Eurofighter Typhoon,878.0528605093228,1.0,5,2495,5600,595.9652834171392
Marrakesh,1,Robert Brown,Rafale,4061.454053687525,1.0,5,2130,4700,595.8528056311789
Marrakesh,1,Michael Johnson,Eurofighter Typhoon,4061.454053687525,1.0,7,2495,5600,595.5738203254314
Marrakesh,1,Jane Smith,F-16,4061.454053687525,1.0,6,2400,5000,595.5417066859003
Kandahar,1,Michael Johnson,Rafale,2890.1779184789134,1.0,7,2130,4700,594.6489528698352
Kandahar,1,Emily Davis,F-35,2890.1779184789134,1.0,9,3000,6000,594.3479285644287
Mosul,2,Michael Johnson,Rafale,887.0782724853661,1.0,7,2130,4700,593.9375043968664
Mosul,2,Robert Brown,F-35,887.0782724853661,1.0,5,3000,6000,593.7332470773501
Mosul,2,Jane Smith,Eurofighter Typhoon,887.0782724853661,1.0,6,2495,5600,593.5448592854004
Marrakesh,1,Jane Smith,MiG-29,4061.454053687525,1.0,6,2450,4500,593.4217810389421
Marrakesh,1,David Lee,Rafale,4061.454053687525,1.0,6,2130,4700,593.375270943255
Marrakesh,1,John Doe,F-35,4061.454053687525,1.0,8,3000,6000,592.9556039422179
Kandahar,1,David Lee,F-16,2890.1779184789134,1.0,6,2400,5000,592.7100403185118
Marrakesh,1,Jane Smith,F/A-18,4061.454053687525,1.0,6,1915,4900,592.0623298128671
Mosul,2,John Doe,Su-27,887.0782724853661,1.0,8,2500,5200,591.8343323506751
Mosul,2,Daniel Harris,F/A-18,887.0782724853661,1.0,4,1915,4900,590.5224561412028
Mosul,2,Chris Walker,Eurofighter Typhoon,887.0782724853661,1.0,7,2495,5600,590.1118860135606
Kabul,4,Chris Walker,Eurofighter Typhoon,3183.8744424786387,1.0,7,2495,5600,589.9761993476585
Kabul,4,Daniel Harris,Eurofighter Typhoon,3183.8744424786387,1.0,4,2495,5600,589.9724510442384
Mosul,2,John Doe,F-16,887.0782724853661,1.0,8,2400,5000,589.3742042421734
Beirut,3,Jessica Miller,MiG-29,237.14963162214966,0.7,10,2450,4500,589.3720577997702
Kabul,4,Daniel Harris,MiG-29,3183.8744424786387,1.0,4,2450,4500,589.1614701267254
Marrakesh,1,Sarah Wilson,F-16,4061.454053687525,1.0,8,2400,5000,589.0503670933135
Fallujah,1,Chris Walker,F-35,821.3684317572421,1.0,7,3000,6000,588.6607165425928
Kabul,4,Michael Johnson,F-35,3183.8744424786387,1.0,7,3000,6000,588.6517193450256
Marrakesh,1,Sarah Wilson,Eurofighter Typhoon,4061.454053687525,1.0,8,2495,5600,587.9775354764519
Baghdad,5,Daniel Harris,F-16,878.0528605093228,1.0,4,2400,5000,587.3175784515472
Mosul,2,Jane Smith,F-16,887.0782724853661,1.0,6,2400,5000,587.2887466872274
Kabul,4,David Lee,Su-27,3183.8744424786387,1.0,6,2500,5200,586.7486620399001
Fallujah,1,Sarah Wilson,F-16,821.3684317572421,1.0,8,2400,5000,586.2143771548122
Kandahar,1,Emily Davis,F-16,2890.1779184789134,1.0,9,2400,5000,586.1548563692211
Marrakesh,1,John Doe,Eurofighter Typhoon,4061.454053687525,1.0,8,2495,5600,585.7840914960907
Marrakesh,1,Michael Johnson,F-35,4061.454053687525,1.0,7,3000,6000,585.7239784299982
Marrakesh,1,Emily Davis,F-35,4061.454053687525,1.0,9,3000,6000,585.5341175473366
Fallujah,1,Chris Walker,Su-27,821.3684317572421,1.0,7,2500,5200,585.0269344356943
Marrakesh,1,Emily Davis,Rafale,4061.454053687525,1.0,9,2130,4700,584.9078664079706
Tehran,5,Jessica Miller,MiG-29,1558.701678658198,0.7,10,2450,4500,584.8040249932534
Kabul,4,Robert Brown,F-16,3183.8744424786387,1.0,5,2400,5000,584.3777810775824
Fallujah,1,John Doe,MiG-29,821.3684317572421,1.0,8,2450,4500,583.7061625159477
Beirut,3,Jessica Miller,F-16,237.14963162214966,0.7,10,2400,5000,583.5428584004665
Kandahar,1,Chris Walker,Su-27,2890.1779184789134,1.0,7,2500,5200,583.241681319104
Marrakesh,1,Jessica Miller,F-35,4061.454053687525,1.0,10,3000,6000,583.138411049299
Kandahar,1,Emily Davis,Eurofighter Typhoon,2890.1779184789134,1.0,9,2495,5600,582.9975270702889
Marrakesh,1,David Lee,F-16,4061.454053687525,1.0,6,2400,5000,582.3605809748265
Kandahar,1,Sarah Wilson,Eurofighter Typhoon,2890.1779184789134,1.0,8,2495,5600,581.8360878216067
Kabul,4,Jane Smith,F-35,3183.8744424786387,1.0,6,3000,6000,581.5935973584982
Mosul,2,Chris Walker,F/A-18,887.0782724853661,1.0,7,1915,4900,581.0623247568686
Tehran,5,Jessica Miller,Rafale,1558.701678658198,0.7,10,2130,4700,580.0686281076453
Kandahar,1,Sarah Wilson,Su-27,2890.1779184789134,1.0,8,2500,5200,579.1788656117479
Kandahar,1,David Lee,Eurofighter Typhoon,2890.1779184789134,1.0,6,2495,5600,579.1097876365336
Marrakesh,1,Emily Davis,F-16,4061.454053687525,1.0,9,2400,5000,578.8435965417352
Mosul,2,Sarah Wilson,F-35,887.0782724853661,1.0,8,3000,6000,578.5141203422859
Kandahar,1,Chris Walker,F-16,2890.1779184789134,1.0,7,2400,5000,578.3785364733204
Riyadh,4,Jessica Miller,MiG-29,1373.5457867993355,0.7,10,2450,4500,577.0723549854539
Kabul,4,Jane Smith,Eurofighter Typhoon,3183.8744424786387,1.0,6,2495,5600,576.7563649896599
Beirut,3,Jessica Miller,F/A-18,237.14963162214966,0.7,10,1915,4900,576.459744792242
Mosul,2,Michael Johnson,F-16,887.0782724853661,1.0,7,2400,5000,576.034667518016
Tehran,5,Emily Davis,F-16,1558.701678658198,0.7,9,2400,5000,573.6464259410958
Kandahar,1,Chris Walker,Eurofighter Typhoon,2890.1779184789134,1.0,7,2495,5600,573.5796765807152
Marrakesh,1,Chris Walker,MiG-29,4061.454053687525,1.0,7,2450,4500,572.9430730221585
Marrakesh,1,Sarah Wilson,Su-27,4061.454053687525,1.0,8,2500,5200,572.799188574986
Kandahar,1,Jane Smith,Eurofighter Typhoon,2890.1779184789134,1.0,6,2495,5600,572.2823826112741
Kandahar,1,Michael Johnson,F/A-18,2890.1779184789134,1.0,7,1915,4900,572.0997378730525
Kabul,4,Daniel Harris,F-35,3183.8744424786387,1.0,4,3000,6000,572.0471250541825
Fallujah,1,Daniel Harris,F/A-18,821.3684317572421,1.0,4,1915,4900,571.8149848293057
Fallujah,1,Jane Smith,Eurofighter Typhoon,821.3684317572421,1.0,6,2495,5600,571.7834784372051
Mosul,2,David Lee,F-16,887.0782724853661,1.0,6,2400,5000,570.7825260835914
Baghdad,5,Daniel Harris,Eurofighter Typhoon,878.0528605093228,1.0,4,2495,5600,570.4800634737844
Kandahar,1,David Lee,Su-27,2890.1779184789134,1.0,6,2500,5200,569.6322193308281
Fallujah,1,John Doe,F/A-18,821.3684317572421,1.0,8,1915,4900,569.5292891448487
Marrakesh,1,John Doe,Su-27,4061.454053687525,1.0,8,2500,5200,568.5154393602231
Kandahar,1,Sarah Wilson,F-16,2890.1779184789134,1.0,8,2400,5000,568.1939833798223
Riyadh,4,Jessica Miller,F/A-18,1373.5457867993355,0.7,10,1915,4900,567.7009990047868
Kandahar,1,Michael Johnson,Eurofighter Typhoon,2890.1779184789134,1.0,7,2495,5600,567.4856118318128
Fallujah,1,Robert Brown,F-16,821.3684317572421,1.0,5,2400,5000,567.4414029804967
Fallujah,1,Robert Brown,MiG-29,821.3684317572421,1.0,5,2450,4500,567.2590588368312
Mosul,2,Daniel Harris,Rafale,887.0782724853661,1.0,4,2130,4700,567.1237547144398
Marrakesh,1,David Lee,Su-27,4061.454053687525,1.0,6,2500,5200,566.8279307881685
Kabul,4,Daniel Harris,F/A-18,3183.8744424786387,1.0,4,1915,4900,566.3568937482697
Mosul,2,David Lee,MiG-29,887.0782724853661,1.0,6,2450,4500,566.2225947847976
Marrakesh,1,Chris Walker,Rafale,4061.454053687525,1.0,7,2130,4700,566.1090918341484
Tehran,5,Jessica Miller,Eurofighter Typhoon,1558.701678658198,0.7,10,2495,5600,565.5385071376757
Riyadh,4,Jessica Miller,Rafale,1373.5457867993355,0.7,10,2130,4700,565.3343725562542
Fallujah,1,John Doe,Eurofighter Typhoon,821.3684317572421,1.0,8,2495,5600,564.0631443255253
Fallujah,1,Michael Johnson,Eurofighter Typhoon,821.3684317572421,1.0,7,2495,5600,563.982561045535
Marrakesh,1,Jane Smith,Su-27,4061.454053687525,1.0,6,2500,5200,563.8866835707656
Beirut,3,Emily Davis,MiG-29,237.14963162214966,0.7,9,2450,4500,563.6370401973484
Fallujah,1,Chris Walker,Rafale,821.3684317572421,1.0,7,2130,4700,563.5186686050707
Beirut,3,John Doe,MiG-29,237.14963162214966,0.7,8,2450,4500,563.1919615691711
Marrakesh,1,Chris Walker,Su-27,4061.454053687525,1.0,7,2500,5200,562.8329576325996
Kandahar,1,Chris Walker,F/A-18,2890.1779184789134,1.0,7,1915,4900,562.7698510861246
Mosul,2,Jane Smith,F-35,887.0782724853661,1.0,6,3000,6000,562.1875335029463
Fallujah,1,Robert Brown,F/A-18,821.3684317572421,1.0,5,1915,4900,561.7332561128121
Riyadh,4,Emily Davis,Rafale,1373.5457867993355,0.7,9,2130,4700,560.9626347161553
Tehran,5,Emily Davis,Rafale,1558.701678658198,0.7,9,2130,4700,560.9167922123684
Kandahar,1,Sarah Wilson,F-35,2890.1779184789134,1.0,8,3000,6000,559.8149670707204
Marrakesh,1,Robert Brown,MiG-29,4061.454053687525,1.0,5,2450,4500,559.3449156592069
Beirut,3,Jessica Miller,F-35,237.14963162214966,0.7,10,3000,6000,559.1654620518352
Kandahar,1,John Doe,F-16,2890.1779184789134,1.0,8,2400,5000,558.9166259757719
Kandahar,1,Daniel Harris,MiG-29,2890.1779184789134,1.0,4,2450,4500,558.8812360962711
Fallujah,1,David Lee,Su-27,821.3684317572421,1.0,6,2500,5200,558.5810298362445
Beirut,3,Sarah Wilson,Rafale,237.14963162214966,0.7,8,2130,4700,558.0177963178367
Marrakesh,1,Robert Brown,Su-27,4061.454053687525,1.0,5,2500,5200,557.7908678664431
Marrakesh,1,Jane Smith,Eurofighter Typhoon,4061.454053687525,1.0,6,2495,5600,557.6714568113599
Kandahar,1,Michael Johnson,F-35,2890.1779184789134,1.0,7,3000,6000,557.5669641761785
Mosul,2,Robert Brown,F/A-18,887.0782724853661,1.0,5,1915,4900,557.5619081947823
Marrakesh,1,Emily Davis,Eurofighter Typhoon,4061.454053687525,1.0,9,2495,5600,557.4998162465118
Mosul,2,Michael Johnson,Eurofighter Typhoon,887.0782724853661,1.0,7,2495,5600,557.1527156720163
Kandahar,1,Michael Johnson,MiG-29,2890.1779184789134,1.0,7,2450,4500,556.8282586269821
Marrakesh,1,Robert Brown,F-16,4061.454053687525,1.0,5,2400,5000,556.7275181335438
Fallujah,1,Jane Smith,Rafale,821.3684317572421,1.0,6,2130,4700,556.5462579863762
Riyadh,4,Jessica Miller,Su-27,1373.5457867993355,0.7,10,2500,5200,556.489862030562
Fallujah,1,Chris Walker,F/A-18,821.3684317572421,1.0,7,1915,4900,556.1047546481063
Beirut,3,Emily Davis,F/A-18,237.14963162214966,0.7,9,1915,4900,555.9834183359484
Fallujah,1,Jane Smith,F-35,821.3684317572421,1.0,6,3000,6000,555.9051807048884
Kandahar,1,Jane Smith,F/A-18,2890.1779184789134,1.0,6,1915,4900,555.5620675155512
Mosul,2,Robert Brown,MiG-29,887.0782724853661,1.0,5,2450,4500,555.1486515038731
Beirut,3,Chris Walker,MiG-29,237.14963162214966,0.7,7,2450,4500,554.640737321875
Marrakesh,1,Michael Johnson,F/A-18,4061.454053687525,1.0,7,1915,4900,554.6205807224347
Tehran,5,John Doe,F/A-18,1558.701678658198,0.7,8,1915,4900,554.256366147209
Cairo,3,Emily Davis,MiG-29,423.263934262772,0.7,9,2450,4500,553.4182947777063
Kandahar,1,Robert Brown,F-16,2890.1779184789134,1.0,5,2400,5000,553.217114074786
Marrakesh,1,Daniel Harris,Su-27,4061.454053687525,1.0,4,2500,5200,552.6552338394332
Tehran,5,Sarah Wilson,F-16,1558.701678658198,0.7,8,2400,5000,552.3533346497513
Sanaa,4,Jessica Miller,MiG-29,2040.0145825054285,0.7,10,2450,4500,552.2439839389731
Kandahar,1,John Doe,Su-27,2890.1779184789134,1.0,8,2500,5200,552.1764341565447
Fallujah,1,Daniel Harris,F-35,821.3684317572421,1.0,4,3000,6000,551.9611817893411
Mosul,2,Robert Brown,F-16,887.0782724853661,1.0,5,2400,5000,551.8233482206963
Marrakesh,1,Chris Walker,F/A-18,4061.454053687525,1.0,7,1915,4900,551.068829134227
Fallujah,1,Daniel Harris,Rafale,821.3684317572421,1.0,4,2130,4700,550.4181892994011
Beirut,3,Jessica Miller,Su-27,237.14963162214966,0.7,10,2500,5200,550.3408557037393
Beirut,3,John Doe,Rafale,237.14963162214966,0.7,8,2130,4700,549.6416549341861
Fallujah,1,Chris Walker,F-16,821.3684317572421,1.0,7,2400,5000,549.496550794826
Fallujah,1,Michael Johnson,F-35,821.3684317572421,1.0,7,3000,6000,549.3390530129034
Riyadh,4,Emily Davis,F-16,1373.5457867993355,0.7,9,2400,5000,549.2510868736503
Tehran,5,John Doe,Rafale,1558.701678658198,0.7,8,2130,4700,548.6033911544604
Fallujah,1,Robert Brown,Eurofighter Typhoon,821.3684317572421,1.0,5,2495,5600,547.8423592130519
Fallujah,1,David Lee,F-35,821.3684317572421,1.0,6,3000,6000,547.3872822154862
Sanaa,4,Jessica Miller,F-16,2040.0145825054285,0.7,10,2400,5000,546.2574280040718
Kandahar,1,Jane Smith,MiG-29,2890.1779184789134,1.0,6,2450,4500,546.0234755213149
Kandahar,1,David Lee,F/A-18,2890.1779184789134,1.0,6,1915,4900,546.0137806730085
Kandahar,1,Robert Brown,Rafale,2890.1779184789134,1.0,5,2130,4700,545.3448718871844
Beirut,3,Sarah Wilson,F/A-18,237.14963162214966,0.7,8,1915,4900,545.27703902965
Fallujah,1,Jane Smith,F-16,821.3684317572421,1.0,6,2400,5000,544.6543449995368
Tehran,5,Jessica Miller,Su-27,1558.701678658198,0.7,10,2500,5200,543.0229884171515
Fallujah,1,Robert Brown,Rafale,821.3684317572421,1.0,5,2130,4700,542.9244801896027
Kandahar,1,Chris Walker,Rafale,2890.1779184789134,1.0,7,2130,4700,542.1409707744665
Kandahar,1,David Lee,MiG-29,2890.1779184789134,1.0,6,2450,4500,541.3253670390044
Sanaa,4,Jessica Miller,Rafale,2040.0145825054285,0.7,10,2130,4700,541.2663374990798
Kandahar,1,Daniel Harris,F-16,2890.1779184789134,1.0,4,2400,5000,540.8900976275736
Beirut,3,Emily Davis,Rafale,237.14963162214966,0.7,9,2130,4700,540.7333559484828
Kandahar,1,John Doe,Eurofighter Typhoon,2890.1779184789134,1.0,8,2495,5600,540.4933339793782
Riyadh,4,Jessica Miller,F-35,1373.5457867993355,0.7,10,3000,6000,540.3031052984572
Cairo,3,Jessica Miller,F/A-18,423.263934262772,0.7,10,1915,4900,540.1053200913402
Fallujah,1,Jane Smith,Su-27,821.3684317572421,1.0,6,2500,5200,539.7416620504006
Fallujah,1,Michael Johnson,Su-27,821.3684317572421,1.0,7,2500,5200,538.8063838711472
Tehran,5,John Doe,Su-27,1558.701678658198,0.7,8,2500,5200,538.8016500535226
Cairo,3,Sarah Wilson,Rafale,423.263934262772,0.7,8,2130,4700,538.0928030570329
Marrakesh,1,David Lee,F/A-18,4061.454053687525,1.0,6,1915,4900,537.9251710388149
Marrakesh,1,Chris Walker,F-35,4061.454053687525,1.0,7,3000,6000,537.8330713268219
Kandahar,1,Michael Johnson,F-16,2890.1779184789134,1.0,7,2400,5000,537.5356012308654
Beirut,3,Jessica Miller,Eurofighter Typhoon,237.14963162214966,0.7,10,2495,5600,536.6494778887438
Mosul,2,Daniel Harris,Su-27,887.0782724853661,1.0,4,2500,5200,536.0203300980877
Beirut,3,Emily Davis,Su-27,237.14963162214966,0.7,9,2500,5200,535.5592792308298
Marrakesh,1,Daniel Harris,Rafale,4061.454053687525,1.0,4,2130,4700,535.5042699123092
Mosul,2,Daniel Harris,F-35,887.0782724853661,1.0,4,3000,6000,535.4637191114933
Cairo,3,Emily Davis,Su-27,423.263934262772,0.7,9,2500,5200,534.9984875365268
Marrakesh,1,Jane Smith,F-35,4061.454053687525,1.0,6,3000,6000,534.7738455987799
Fallujah,1,Daniel Harris,Eurofighter Typhoon,821.3684317572421,1.0,4,2495,5600,534.6302234005376
Kandahar,1,Michael Johnson,Su-27,2890.1779184789134,1.0,7,2500,5200,534.6102741229136
Marrakesh,1,David Lee,MiG-29,4061.454053687525,1.0,6,2450,4500,533.9131805607979
Kandahar,1,Daniel Harris,F-35,2890.1779184789134,1.0,4,3000,6000,533.8022281392399
Mosul,2,Daniel Harris,F-16,887.0782724853661,1.0,4,2400,5000,533.6834200039074
Mosul,2,David Lee,Eurofighter Typhoon,887.0782724853661,1.0,6,2495,5600,533.3357212081733
Tehran,5,Emily Davis,Su-27,1558.701678658198,0.7,9,2500,5200,532.8981199139873
Kandahar,1,Jane Smith,F-16,2890.1779184789134,1.0,6,2400,5000,532.5465756996142
Mosul,2,Robert Brown,Eurofighter Typhoon,887.0782724853661,1.0,5,2495,5600,531.7318761587436
Sanaa,4,Sarah Wilson,MiG-29,2040.0145825054285,0.7,8,2450,4500,531.4825493185288
Riyadh,4,Emily Davis,F/A-18,1373.5457867993355,0.7,9,1915,4900,530.9996040096767
Sanaa,4,Jessica Miller,F-35,2040.0145825054285,0.7,10,3000,6000,530.408031055998
Marrakesh,1,Daniel Harris,MiG-29,4061.454053687525,1.0,4,2450,4500,529.5434129981264
Marrakesh,1,Michael Johnson,Su-27,4061.454053687525,1.0,7,2500,5200,529.4281890150655
Beirut,3,Chris Walker,F/A-18,237.14963162214966,0.7,7,1915,4900,528.7485684526154
Tehran,5,Jessica Miller,F/A-18,1558.701678658198,0.7,10,1915,4900,527.5795424209374
Mosul,2,Robert Brown,Su-27,887.0782724853661,1.0,5,2500,5200,527.1240049225225
Marrakesh,1,Daniel Harris,F-16,4061.454053687525,1.0,4,2400,5000,526.3261780937383
Fallujah,1,Daniel Harris,Su-27,821.3684317572421,1.0,4,2500,5200,525.4911710965822
Kandahar,1,Robert Brown,MiG-29,2890.1779184789134,1.0,5,2450,4500,525.4590213632267
Kandahar,1,Chris Walker,F-35,2890.1779184789134,1.0,7,3000,6000,525.1652060621628
Kandahar,1,Robert Brown,Su-27,2890.1779184789134,1.0,5,2500,5200,524.9118426057225
Kandahar,1,Jane Smith,F-35,2890.1779184789134,1.0,6,3000,6000,524.5963942766423
Beirut,3,Emily Davis,F-35,237.14963162214966,0.7,9,3000,6000,523.8670518744755
Tehran,5,John Doe,F-16,1558.701678658198,0.7,8,2400,5000,523.1967379203221
Cairo,3,John Doe,Rafale,423.263934262772,0.7,8,2130,4700,522.8379399090907
Kandahar,1,David Lee,Rafale,2890.1779184789134,1.0,6,2130,4700,522.4364224865301
Marrakesh,1,Robert Brown,Eurofighter Typhoon,4061.454053687525,1.0,5,2495,5600,521.7907257223803
Beirut,3,John Doe,F/A-18,237.14963162214966,0.7,8,1915,4900,521.4881787366829
Beirut,3,Jessica Miller,Rafale,237.14963162214966,0.7,10,2130,4700,521.3549973819329
Beirut,3,Chris Walker,F-16,237.14963162214966,0.7,7,2400,5000,521.3208634880111
Sanaa,4,Jessica Miller,Su-27,2040.0145825054285,0.7,10,2500,5200,520.813344229745
Beirut,3,Michael Johnson,Eurofighter Typhoon,237.14963162214966,0.7,7,2495,5600,520.3836152587774
Tripoli,2,Jessica Miller,Rafale,2069.8614473917582,0.7,10,2130,4700,519.9571136678913
Tehran,5,Michael Johnson,MiG-29,1558.701678658198,0.7,7,2450,4500,519.8411363382289
Marrakesh,1,David Lee,Eurofighter Typhoon,4061.454053687525,1.0,6,2495,5600,519.6912232127373
Marrakesh,1,Robert Brown,F/A-18,4061.454053687525,1.0,5,1915,4900,519.1619629063747
Beirut,3,John Doe,F-16,237.14963162214966,0.7,8,2400,5000,518.5293703666863
Sanaa,4,Emily Davis,F-35,2040.0145825054285,0.7,9,3000,6000,517.7463507407231
Beirut,3,Sarah Wilson,MiG-29,237.14963162214966,0.7,8,2450,4500,517.1432953215798
Cairo,3,Michael Johnson,MiG-29,423.263934262772,0.7,7,2450,4500,516.924369585111
Tehran,5,Jane Smith,Rafale,1558.701678658198,0.7,6,2130,4700,516.8888286450598
Tehran,5,Michael Johnson,Rafale,1558.701678658198,0.7,7,2130,4700,515.7926304655422
Beirut,3,Sarah Wilson,F-16,237.14963162214966,0.7,8,2400,5000,515.744137112416
Kandahar,1,David Lee,F-35,2890.1779184789134,1.0,6,3000,6000,515.2523298546419
Marrakesh,1,Daniel Harris,F/A-18,4061.454053687525,1.0,4,1915,4900,515.1954073260328
Beirut,3,Emily Davis,F-16,237.14963162214966,0.7,9,2400,5000,515.1092020146223
Riyadh,4,Emily Davis,Su-27,1373.5457867993355,0.7,9,2500,5200,515.0267492921978
Cairo,3,Sarah Wilson,F/A-18,423.263934262772,0.7,8,1915,4900,512.6512574772089
Cairo,3,John Doe,MiG-29,423.263934262772,0.7,8,2450,4500,512.0734909211245
Fallujah,1,David Lee,Eurofighter Typhoon,821.3684317572421,1.0,6,2495,5600,511.9467692350377
Fallujah,1,Daniel Harris,MiG-29,821.3684317572421,1.0,4,2450,4500,511.59671077552815
Beirut,3,Emily Davis,Eurofighter Typhoon,237.14963162214966,0.7,9,2495,5600,511.30336038348474
Tripoli,2,Jessica Miller,F/A-18,2069.8614473917582,0.7,10,1915,4900,510.3296916675456
Kandahar,1,Daniel Harris,Eurofighter Typhoon,2890.1779184789134,1.0,4,2495,5600,510.25773166114766
Tehran,5,Jessica Miller,F-16,1558.701678658198,0.7,10,2400,5000,510.0955690976627
Cairo,3,Jessica Miller,Eurofighter Typhoon,423.263934262772,0.7,10,2495,5600,510.07890037211746
Kandahar,1,Jane Smith,Su-27,2890.1779184789134,1.0,6,2500,5200,509.6844377286341
Cairo,3,Jessica Miller,MiG-29,423.263934262772,0.7,10,2450,4500,509.64897044306633
Beirut,3,John Doe,F-35,237.14963162214966,0.7,8,3000,6000,509.541511328541
Riyadh,4,John Doe,Rafale,1373.5457867993355,0.7,8,2130,4700,509.3180424402808
Beirut,3,David Lee,Su-27,237.14963162214966,0.7,6,2500,5200,509.30596919980155
Tehran,5,John Doe,F-35,1558.701678658198,0.7,8,3000,6000,509.0677986763451
Riyadh,4,Jessica Miller,F-16,1373.5457867993355,0.7,10,2400,5000,508.8750560917866
Marrakesh,1,David Lee,F-35,4061.454053687525,1.0,6,3000,6000,508.80767631964454
Cairo,3,Chris Walker,MiG-29,423.263934262772,0.7,7,2450,4500,508.36980719055674
Kandahar,1,Robert Brown,F/A-18,2890.1779184789134,1.0,5,1915,4900,507.85311479695457
Fallujah,1,Daniel Harris,F-16,821.3684317572421,1.0,4,2400,5000,507.73561313678505
Sanaa,4,Emily Davis,MiG-29,2040.0145825054285,0.7,9,2450,4500,507.57381307835226
Khartoum,2,Jessica Miller,F/A-18,1823.6537591091578,0.7,10,1915,4900,507.5496458230823
Beirut,3,Michael Johnson,MiG-29,237.14963162214966,0.7,7,2450,4500,506.51588601528306
Kandahar,1,Daniel Harris,Rafale,2890.1779184789134,1.0,4,2130,4700,506.39229024739086
Beirut,3,John Doe,Su-27,237.14963162214966,0.7,8,2500,5200,505.8741301583208
Cairo,3,John Doe,F/A-18,423.263934262772,0.7,8,1915,4900,505.36558876649076
Beirut,3,Michael Johnson,Rafale,237.14963162214966,0.7,7,2130,4700,505.3262518830335
Tripoli,2,Emily Davis,MiG-29,2069.8614473917582,0.7,9,2450,4500,504.76373894429554
Tehran,5,Emily Davis,MiG-29,1558.701678658198,0.7,9,2450,4500,504.693793762931
Riyadh,4,Emily Davis,Eurofighter Typhoon,1373.5457867993355,0.7,9,2495,5600,504.48273967218006
Cairo,3,Jessica Miller,Rafale,423.263934262772,0.7,10,2130,4700,503.471721529482
Tehran,5,Chris Walker,MiG-29,1558.701678658198,0.7,7,2450,4500,503.3404091869542
Tehran,5,Emily Davis,F/A-18,1558.701678658198,0.7,9,1915,4900,502.83647385386956
Cairo,3,Emily Davis,Rafale,423.263934262772,0.7,9,2130,4700,502.5703166868913
Cairo,3,Sarah Wilson,MiG-29,423.263934262772,0.7,8,2450,4500,502.35973682939243
Fallujah,1,Robert Brown,F-35,821.3684317572421,1.0,5,3000,6000,501.90186101412553
Beirut,3,Chris Walker,Su-27,237.14963162214966,0.7,7,2500,5200,501.64179390853883
Sanaa,4,Jessica Miller,F/A-18,2040.0145825054285,0.7,10,1915,4900,501.4990141776922
Cairo,3,John Doe,F-35,423.263934262772,0.7,8,3000,6000,501.00400592817016
Cairo,3,Jessica Miller,F-16,423.263934262772,0.7,10,2400,5000,500.9233536574724
Fallujah,1,Robert Brown,Su-27,821.3684317572421,1.0,5,2500,5200,500.78444025264434
Sanaa,4,Michael Johnson,Rafale,2040.0145825054285,0.7,7,2130,4700,500.7581142192716
Kandahar,1,Daniel Harris,Su-27,2890.1779184789134,1.0,4,2500,5200,499.69571094615185
Riyadh,4,Sarah Wilson,Rafale,1373.5457867993355,0.7,8,2130,4700,498.98548814643345
Tehran,5,Jane Smith,F/A-18,1558.701678658198,0.7,6,1915,4900,498.6798563129519
Sanaa,4,John Doe,Eurofighter Typhoon,2040.0145825054285,0.7,8,2495,5600,498.2468325852257
Beirut,3,Jane Smith,Rafale,237.14963162214966,0.7,6,2130,4700,497.937133296369
Cairo,3,Chris Walker,F-16,423.263934262772,0.7,7,2400,5000,497.6490064240554
Sanaa,4,Emily Davis,F-16,2040.0145825054285,0.7,9,2400,5000,496.7196609195685
Khartoum,2,Jessica Miller,Rafale,1823.6537591091578,0.7,10,2130,4700,496.58756177583217
Cairo,3,John Doe,F-16,423.263934262772,0.7,8,2400,5000,496.17103627448546
Tehran,5,Michael Johnson,F/A-18,1558.701678658198,0.7,7,1915,4900,496.0448715960956
Sanaa,4,Emily Davis,Su-27,2040.0145825054285,0.7,9,2500,5200,495.45014192084506
Tripoli,2,Jessica Miller,Eurofighter Typhoon,2069.8614473917582,0.7,10,2495,5600,495.44269334900946
Cairo,3,Emily Davis,F/A-18,423.263934262772,0.7,9,1915,4900,495.0069381276136
Cairo,3,Sarah Wilson,F-35,423.263934262772,0.7,8,3000,6000,494.6184433573595
Beirut,3,David Lee,F/A-18,237.14963162214966,0.7,6,1915,4900,494.52055943643154
Tehran,5,Chris Walker,F/A-18,1558.701678658198,0.7,7,1915,4900,494.1004083217009
Riyadh,4,Michael Johnson,Eurofighter Typhoon,1373.5457867993355,0.7,7,2495,5600,492.54221341636537
Beirut,3,Sarah Wilson,Eurofighter Typhoon,237.14963162214966,0.7,8,2495,5600,492.51723233790636
Mosul,2,Daniel Harris,Eurofighter Typhoon,887.0782724853661,1.0,4,2495,5600,492.51101177693226
Cairo,3,Emily Davis,F-35,423.263934262772,0.7,9,3000,6000,492.08741889237984
Riyadh,4,Jane Smith,MiG-29,1373.5457867993355,0.7,6,2450,4500,491.9623939262259
Beirut,3,Michael Johnson,Su-27,237.14963162214966,0.7,7,2500,5200,491.2835601254647
Cairo,3,Chris Walker,Rafale,423.263934262772,0.7,7,2130,4700,491.27016775137866
Riyadh,4,Emily Davis,MiG-29,1373.5457867993355,0.7,9,2450,4500,490.6700184836706
Khartoum,2,Jessica Miller,MiG-29,1823.6537591091578,0.7,10,2450,4500,490.66617106976855
Sanaa,4,Michael Johnson,F-16,2040.0145825054285,0.7,7,2400,5000,490.55973013512136
Sanaa,4,Emily Davis,F/A-18,2040.0145825054285,0.7,9,1915,4900,490.5408920144166
Riyadh,4,Chris Walker,F/A-18,1373.5457867993355,0.7,7,1915,4900,490.5249363178742
Kandahar,1,Robert Brown,F-35,2890.1779184789134,1.0,5,3000,6000,490.05287182462996
Tehran,5,Sarah Wilson,F/A-18,1558.701678658198,0.7,8,1915,4900,489.9978362866949
Tehran,5,Jane Smith,Su-27,1558.701678658198,0.7,6,2500,5200,489.1896547710639
Cairo,3,Jane Smith,F/A-18,423.263934262772,0.7,6,1915,4900,489.11163515507616
Riyadh,4,Sarah Wilson,Su-27,1373.5457867993355,0.7,8,2500,5200,489.08165557000814
Tehran,5,Emily Davis,F-35,1558.701678658198,0.7,9,3000,6000,488.88751594392124
Riyadh,4,David Lee,MiG-29,1373.5457867993355,0.7,6,2450,4500,488.82255805179364
Tehran,5,Michael Johnson,Su-27,1558.701678658198,0.7,7,2500,5200,487.8312829008382
Tripoli,2,Jessica Miller,F-16,2069.8614473917582,0.7,10,2400,5000,487.7006832962772
Riyadh,4,Sarah Wilson,F-35,1373.5457867993355,0.7,8,3000,6000,487.1644880543996
Kandahar,1,Robert Brown,Eurofighter Typhoon,2890.1779184789134,1.0,5,2495,5600,486.33151315989005
Tripoli,2,Emily Davis,Rafale,2069.8614473917582,0.7,9,2130,4700,486.17613083282276
Tehran,5,David Lee,F-35,1558.701678658198,0.7,6,3000,6000,484.63193834969235
Tripoli,2,Jessica Miller,F-35,2069.8614473917582,0.7,10,3000,6000,484.53331379938436
Beirut,3,David Lee,F-16,237.14963162214966,0.7,6,2400,5000,484.2095198764748
Cairo,3,Jessica Miller,F-35,423.263934262772,0.7,10,3000,6000,483.43639944510437
Tehran,5,Sarah Wilson,MiG-29,1558.701678658198,0.7,8,2450,4500,482.85476232851914
Cairo,3,Sarah Wilson,F-16,423.263934262772,0.7,8,2400,5000,482.815483695506
Tehran,5,Emily Davis,Eurofighter Typhoon,1558.701678658198,0.7,9,2495,5600,482.57386806851
Sanaa,4,Michael Johnson,F/A-18,2040.0145825054285,0.7,7,1915,4900,482.5586311340484
Tehran,5,Jessica Miller,F-35,1558.701678658198,0.7,10,3000,6000,482.3433501243542
Kandahar,1,Daniel Harris,F/A-18,2890.1779184789134,1.0,4,1915,4900,482.3201782601956
Beirut,3,Michael Johnson,F-35,237.14963162214966,0.7,7,3000,6000,482.25411177528366
Sanaa,4,Jessica Miller,Eurofighter Typhoon,2040.0145825054285,0.7,10,2495,5600,482.0847204153472
Cairo,3,Michael Johnson,Su-27,423.263934262772,0.7,7,2500,5200,482.0829487073868
Beirut,3,David Lee,Eurofighter Typhoon,237.14963162214966,0.7,6,2495,5600,481.85717896526194
Marrakesh,1,Daniel Harris,Eurofighter Typhoon,4061.454053687525,1.0,4,2495,5600,481.7508911315746
Cairo,3,Emily Davis,Eurofighter Typhoon,423.263934262772,0.7,9,2495,5600,481.68708592529765
Tehran,5,Sarah Wilson,Rafale,1558.701678658198,0.7,8,2130,4700,481.250650037561
Tehran,5,Chris Walker,F-16,1558.701678658198,0.7,7,2400,5000,481.0990806730241
Khartoum,2,Emily Davis,MiG-29,1823.6537591091578,0.7,9,2450,4500,480.77114996296984
Tehran,5,Sarah Wilson,Eurofighter Typhoon,1558.701678658198,0.7,8,2495,5600,480.5590137158736
Riyadh,4,Jessica Miller,Eurofighter Typhoon,1373.5457867993355,0.7,10,2495,5600,480.136667016651
Sanaa,4,David Lee,Rafale,2040.0145825054285,0.7,6,2130,4700,480.01314398845534
Tehran,5,David Lee,F/A-18,1558.701678658198,0.7,6,1915,4900,479.9464347087433
Sanaa,4,Sarah Wilson,F-16,2040.0145825054285,0.7,8,2400,5000,479.7513635958998
Beirut,3,Chris Walker,Rafale,237.14963162214966,0.7,7,2130,4700,478.8684212647195
Sanaa,4,Emily Davis,Rafale,2040.0145825054285,0.7,9,2130,4700,478.2422558020851
Cairo,3,Jessica Miller,Su-27,423.263934262772,0.7,10,2500,5200,478.06315095817786
Sanaa,4,Chris Walker,Rafale,2040.0145825054285,0.7,7,2130,4700,477.86582783010255
Cairo,3,Chris Walker,Su-27,423.263934262772,0.7,7,2500,5200,477.6909319609473
Cairo,3,John Doe,Su-27,423.263934262772,0.7,8,2500,5200,477.279692852618
Riyadh,4,Sarah Wilson,MiG-29,1373.5457867993355,0.7,8,2450,4500,476.7477164486553
Riyadh,4,Jane Smith,F/A-18,1373.5457867993355,0.7,6,1915,4900,476.35127056075487
Tehran,5,John Doe,MiG-29,1558.701678658198,0.7,8,2450,4500,476.06062930389925
Sanaa,4,Sarah Wilson,F-35,2040.0145825054285,0.7,8,3000,6000,475.86655269502467
Tehran,5,Chris Walker,Su-27,1558.701678658198,0.7,7,2500,5200,475.0839640419127
Khartoum,2,Emily Davis,F-16,1823.6537591091578,0.7,9,2400,5000,474.84774743045887
Riyadh,4,Chris Walker,F-35,1373.5457867993355,0.7,7,3000,6000,474.1614572679042
Khartoum,2,Sarah Wilson,MiG-29,1823.6537591091578,0.7,8,2450,4500,474.01456268562185
Riyadh,4,Chris Walker,MiG-29,1373.5457867993355,0.7,7,2450,4500,473.0191517798821
Sanaa,4,Sarah Wilson,Rafale,2040.0145825054285,0.7,8,2130,4700,473.0061783163042
Beirut,3,Chris Walker,Eurofighter Typhoon,237.14963162214966,0.7,7,2495,5600,472.86868916998037
Khartoum,2,Michael Johnson,MiG-29,1823.6537591091578,0.7,7,2450,4500,472.80939075881065
Beirut,3,Michael Johnson,F/A-18,237.14963162214966,0.7,7,1915,4900,472.6164290064649
Beirut,3,Daniel Harris,F/A-18,237.14963162214966,0.7,4,1915,4900,472.24082864058636
Tehran,5,David Lee,MiG-29,1558.701678658198,0.7,6,2450,4500,472.1407505060957
Riyadh,4,Michael Johnson,Rafale,1373.5457867993355,0.7,7,2130,4700,472.0325938993476
Cairo,3,Jane Smith,F-16,423.263934262772,0.7,6,2400,5000,471.8239798893542
Beirut,3,Jane Smith,MiG-29,237.14963162214966,0.7,6,2450,4500,471.7651999432247
Beirut,3,Sarah Wilson,Su-27,237.14963162214966,0.7,8,2500,5200,471.70148903275305
Cairo,3,Michael Johnson,Rafale,423.263934262772,0.7,7,2130,4700,471.27136933123313
Riyadh,4,Chris Walker,Rafale,1373.5457867993355,0.7,7,2130,4700,470.59833447693126
Tehran,5,Chris Walker,Eurofighter Typhoon,1558.701678658198,0.7,7,2495,5600,469.99441418191003
Beirut,3,Michael Johnson,F-16,237.14963162214966,0.7,7,2400,5000,469.1473664532593
Marrakesh,1,Robert Brown,F-35,4061.454053687525,1.0,5,3000,6000,469.1161922348258
Tehran,5,Robert Brown,Su-27,1558.701678658198,0.7,5,2500,5200,468.69195159891314
Khartoum,2,Emily Davis,Rafale,1823.6537591091578,0.7,9,2130,4700,468.2112565913732
Cairo,3,Jane Smith,MiG-29,423.263934262772,0.7,6,2450,4500,468.1928447581081
Beirut,3,Jane Smith,F-35,237.14963162214966,0.7,6,3000,6000,468.1236939609381
Riyadh,4,John Doe,Su-27,1373.5457867993355,0.7,8,2500,5200,468.0678441220404
Sanaa,4,Robert Brown,Rafale,2040.0145825054285,0.7,5,2130,4700,468.0172393704828
Beirut,3,Jane Smith,F/A-18,237.14963162214966,0.7,6,1915,4900,467.9301091835282
Tehran,5,Chris Walker,Rafale,1558.701678658198,0.7,7,2130,4700,467.82652867799874
Tripoli,2,John Doe,MiG-29,2069.8614473917582,0.7,8,2450,4500,467.821879307892
Cairo,3,Sarah Wilson,Eurofighter Typhoon,423.263934262772,0.7,8,2495,5600,467.7616175766357
Tehran,5,John Doe,Eurofighter Typhoon,1558.701678658198,0.7,8,2495,5600,467.7200953632071
Beirut,3,Sarah Wilson,F-35,237.14963162214966,0.7,8,3000,6000,467.6389718093108
Tripoli,2,Emily Davis,Su-27,2069.8614473917582,0.7,9,2500,5200,467.07825972627114
Riyadh,4,Michael Johnson,F-16,1373.5457867993355,0.7,7,2400,5000,466.9402898921602
Tehran,5,Sarah Wilson,Su-27,1558.701678658198,0.7,8,2500,5200,466.77721714143746
Khartoum,2,John Doe,F/A-18,1823.6537591091578,0.7,8,1915,4900,466.70427532288556
Cairo,3,Michael Johnson,F-35,423.263934262772,0.7,7,3000,6000,466.4165565428248
Beirut,3,Robert Brown,Su-27,237.14963162214966,0.7,5,2500,5200,465.91287338356545
Sanaa,4,John Doe,F-35,2040.0145825054285,0.7,8,3000,6000,465.5586351702663
Riyadh,4,Jane Smith,F-16,1373.5457867993355,0.7,6,2400,5000,465.5218381342821
Khartoum,2,Sarah Wilson,F/A-18,1823.6537591091578,0.7,8,1915,4900,465.396769582688
Sanaa,4,John Doe,Rafale,2040.0145825054285,0.7,8,2130,4700,465.3535218780489
Tripoli,2,John Doe,Rafale,2069.8614473917582,0.7,8,2130,4700,464.31732560755233
Tripoli,2,Sarah Wilson,MiG-29,2069.8614473917582,0.7,8,2450,4500,463.98996166883586
Riyadh,4,Robert Brown,Rafale,1373.5457867993355,0.7,5,2130,4700,463.7401966267077
Sanaa,4,Chris Walker,F-16,2040.0145825054285,0.7,7,2400,5000,463.73697506267587
Tehran,5,Jane Smith,MiG-29,1558.701678658198,0.7,6,2450,4500,463.4479944573856
Cairo,3,Michael Johnson,F-16,423.263934262772,0.7,7,2400,5000,462.74338878648007
Sanaa,4,Jane Smith,Su-27,2040.0145825054285,0.7,6,2500,5200,462.45723542555527
Khartoum,2,John Doe,Su-27,1823.6537591091578,0.7,8,2500,5200,462.4080904560054
Tripoli,2,Jessica Miller,MiG-29,2069.8614473917582,0.7,10,2450,4500,462.1956852785172
Beirut,3,Daniel Harris,MiG-29,237.14963162214966,0.7,4,2450,4500,461.7638971967391
Tripoli,2,Emily Davis,F-35,2069.8614473917582,0.7,9,3000,6000,461.2653581975847
Beirut,3,Jane Smith,F-16,237.14963162214966,0.7,6,2400,5000,460.1626956841071
Beirut,3,Robert Brown,MiG-29,237.14963162214966,0.7,5,2450,4500,460.1265795993457
Beirut,3,John Doe,Eurofighter Typhoon,237.14963162214966,0.7,8,2495,5600,459.2738099657013
Khartoum,2,Jessica Miller,Su-27,1823.6537591091578,0.7,10,2500,5200,459.21517236324115
Beirut,3,Robert Brown,F-16,237.14963162214966,0.7,5,2400,5000,458.9077476230422
Riyadh,4,David Lee,F-35,1373.5457867993355,0.7,6,3000,6000,458.58144813158714
Riyadh,4,John Doe,MiG-29,1373.5457867993355,0.7,8,2450,4500,458.4955316768983
Khartoum,2,Michael Johnson,F-16,1823.6537591091578,0.7,7,2400,5000,458.1677197868159
Riyadh,4,Chris Walker,Eurofighter Typhoon,1373.5457867993355,0.7,7,2495,5600,458.07313050868197
Riyadh,4,Michael Johnson,Su-27,1373.5457867993355,0.7,7,2500,5200,457.69200045821384
Sanaa,4,David Lee,MiG-29,2040.0145825054285,0.7,6,2450,4500,457.5338423652423
Riyadh,4,Robert Brown,MiG-29,1373.5457867993355,0.7,5,2450,4500,457.0551366141661
Khartoum,2,Jessica Miller,Eurofighter Typhoon,1823.6537591091578,0.7,10,2495,5600,456.9729080055073
Tripoli,2,John Doe,F/A-18,2069.8614473917582,0.7,8,1915,4900,456.902519593041
Marrakesh,1,Daniel Harris,F-35,4061.454053687525,1.0,4,3000,6000,456.2584760002548
Riyadh,4,John Doe,F/A-18,1373.5457867993355,0.7,8,1915,4900,456.096019526946
Sanaa,4,Michael Johnson,Eurofighter Typhoon,2040.0145825054285,0.7,7,2495,5600,455.7869483021691
Sanaa,4,John Doe,MiG-29,2040.0145825054285,0.7,8,2450,4500,455.25292780297167
Riyadh,4,Chris Walker,Su-27,1373.5457867993355,0.7,7,2500,5200,455.2140562078654
Khartoum,2,Chris Walker,F/A-18,1823.6537591091578,0.7,7,1915,4900,454.5446149970874
Tehran,5,Robert Brown,F-16,1558.701678658198,0.7,5,2400,5000,454.50073668080506
Cairo,3,Emily Davis,F-16,423.263934262772,0.7,9,2400,5000,454.28280818522745
Tehran,5,Daniel Harris,Rafale,1558.701678658198,0.7,4,2130,4700,454.0975583787541
Riyadh,4,Jane Smith,Eurofighter Typhoon,1373.5457867993355,0.7,6,2495,5600,454.03059255888394
Cairo,3,Jane Smith,Su-27,423.263934262772,0.7,6,2500,5200,453.9398513945112
Tehran,5,Michael Johnson,F-16,1558.701678658198,0.7,7,2400,5000,453.37888734419926
Sanaa,4,Sarah Wilson,Su-27,2040.0145825054285,0.7,8,2500,5200,452.79485456591266
Khartoum,2,John Doe,F-16,1823.6537591091578,0.7,8,2400,5000,451.8230635242204
Riyadh,4,Michael Johnson,MiG-29,1373.5457867993355,0.7,7,2450,4500,451.66113144902437
Khartoum,2,Jessica Miller,F-16,1823.6537591091578,0.7,10,2400,5000,451.5205324150073
Riyadh,4,John Doe,Eurofighter Typhoon,1373.5457867993355,0.7,8,2495,5600,450.81303982758476
Tehran,5,David Lee,Su-27,1558.701678658198,0.7,6,2500,5200,450.6949087161706
Tripoli,2,Emily Davis,F/A-18,2069.8614473917582,0.7,9,1915,4900,450.1414581250388
Tehran,5,David Lee,F-16,1558.701678658198,0.7,6,2400,5000,449.5197962704626
Riyadh,4,David Lee,F-16,1373.5457867993355,0.7,6,2400,5000,448.9580946274208
Khartoum,2,Jane Smith,MiG-29,1823.6537591091578,0.7,6,2450,4500,448.92336590492164
Tripoli,2,Jessica Miller,Su-27,2069.8614473917582,0.7,10,2500,5200,448.6763439638416
Sanaa,4,David Lee,Su-27,2040.0145825054285,0.7,6,2500,5200,448.5793435644737
Sanaa,4,Jane Smith,F-35,2040.0145825054285,0.7,6,3000,6000,448.5663159961748
Cairo,3,John Doe,Eurofighter Typhoon,423.263934262772,0.7,8,2495,5600,448.18285129057585
Cairo,3,Michael Johnson,F/A-18,423.263934262772,0.7,7,1915,4900,448.14174861742123
Sanaa,4,Sarah Wilson,F/A-18,2040.0145825054285,0.7,8,1915,4900,448.0882885680887
Sanaa,4,John Doe,F-16,2040.0145825054285,0.7,8,2400,5000,447.88034979200734
Tehran,5,Jane Smith,F-16,1558.701678658198,0.7,6,2400,5000,447.67473312464546
Riyadh,4,John Doe,F-16,1373.5457867993355,0.7,8,2400,5000,447.57739696723377
Sanaa,4,Michael Johnson,MiG-29,2040.0145825054285,0.7,7,2450,4500,447.4005472750008
Cairo,3,Sarah Wilson,Su-27,423.263934262772,0.7,8,2500,5200,447.3347901355598
Khartoum,2,Chris Walker,Su-27,1823.6537591091578,0.7,7,2500,5200,447.22704793068783
Riyadh,4,Jane Smith,Rafale,1373.5457867993355,0.7,6,2130,4700,446.5750904640618
Tripoli,2,Emily Davis,F-16,2069.8614473917582,0.7,9,2400,5000,446.30372431706024
Sanaa,4,Jane Smith,Eurofighter Typhoon,2040.0145825054285,0.7,6,2495,5600,445.88798932845094
Sanaa,4,Chris Walker,F-35,2040.0145825054285,0.7,7,3000,6000,445.88492563442753
Tehran,5,Robert Brown,Rafale,1558.701678658198,0.7,5,2130,4700,445.7538820313639
Sanaa,4,Robert Brown,F-16,2040.0145825054285,0.7,5,2400,5000,445.52349775499994
Khartoum,2,Sarah Wilson,Su-27,1823.6537591091578,0.7,8,2500,5200,444.8883657543565
Cairo,3,David Lee,MiG-29,423.263934262772,0.7,6,2450,4500,444.49893413354187
Riyadh,4,Sarah Wilson,Eurofighter Typhoon,1373.5457867993355,0.7,8,2495,5600,444.4106152261038
Tehran,5,Daniel Harris,MiG-29,1558.701678658198,0.7,4,2450,4500,444.22974767456714
Beirut,3,Daniel Harris,Rafale,237.14963162214966,0.7,4,2130,4700,444.17511219756875
Sanaa,4,Robert Brown,Su-27,2040.0145825054285,0.7,5,2500,5200,444.1300472581537
Tehran,5,Chris Walker,F-35,1558.701678658198,0.7,7,3000,6000,443.85249145920466
Tehran,5,Robert Brown,F-35,1558.701678658198,0.7,5,3000,6000,443.424327967472
Riyadh,4,John Doe,F-35,1373.5457867993355,0.7,8,3000,6000,443.08449507574994
Tripoli,2,Sarah Wilson,Su-27,2069.8614473917582,0.7,8,2500,5200,442.52646849528276
Sanaa,4,John Doe,Su-27,2040.0145825054285,0.7,8,2500,5200,442.34173443130686
Beirut,3,Chris Walker,F-35,237.14963162214966,0.7,7,3000,6000,442.3325796667397
Sanaa,4,Jane Smith,MiG-29,2040.0145825054285,0.7,6,2450,4500,442.158976653844
Sanaa,4,Jane Smith,F-16,2040.0145825054285,0.7,6,2400,5000,441.9559619325614
Sanaa,4,Michael Johnson,Su-27,2040.0145825054285,0.7,7,2500,5200,441.9442115807872
Khartoum,2,David Lee,Rafale,1823.6537591091578,0.7,6,2130,4700,441.3260178306392
Beirut,3,Robert Brown,Eurofighter Typhoon,237.14963162214966,0.7,5,2495,5600,441.29612945138086
Tehran,5,Michael Johnson,Eurofighter Typhoon,1558.701678658198,0.7,7,2495,5600,441.07763031607686
Riyadh,4,Daniel Harris,Su-27,1373.5457867993355,0.7,4,2500,5200,441.01832776519916
Cairo,3,David Lee,F-35,423.263934262772,0.7,6,3000,6000,440.6805265590519
Riyadh,4,Robert Brown,Su-27,1373.5457867993355,0.7,5,2500,5200,439.6771774303724
Sanaa,4,John Doe,F/A-18,2040.0145825054285,0.7,8,1915,4900,439.5936838762464
Cairo,3,David Lee,Rafale,423.263934262772,0.7,6,2130,4700,439.4820541133018
Riyadh,4,Sarah Wilson,F/A-18,1373.5457867993355,0.7,8,1915,4900,439.3834496231388
Riyadh,4,David Lee,F/A-18,1373.5457867993355,0.7,6,1915,4900,439.07143993625147
Cairo,3,Robert Brown,F/A-18,423.263934262772,0.7,5,1915,4900,438.9741131222049
Beirut,3,David Lee,MiG-29,237.14963162214966,0.7,6,2450,4500,438.05071151987227
Tehran,5,David Lee,Rafale,1558.701678658198,0.7,6,2130,4700,437.5871668126363
Tripoli,2,Sarah Wilson,Rafale,2069.8614473917582,0.7,8,2130,4700,437.57126959312575
Tripoli,2,Michael Johnson,F/A-18,2069.8614473917582,0.7,7,1915,4900,436.65519128855374
Beirut,3,David Lee,Rafale,237.14963162214966,0.7,6,2130,4700,435.6951128883391
Sanaa,4,David Lee,Eurofighter Typhoon,2040.0145825054285,0.7,6,2495,5600,435.5956698923224
Beirut,3,Robert Brown,Rafale,237.14963162214966,0.7,5,2130,4700,435.3110761516735
Riyadh,4,Sarah Wilson,F-16,1373.5457867993355,0.7,8,2400,5000,434.79783339506554
Tehran,5,Michael Johnson,F-35,1558.701678658198,0.7,7,3000,6000,434.77305188052264
Khartoum,2,Michael Johnson,Su-27,1823.6537591091578,0.7,7,2500,5200,434.66751858967746
Cairo,3,Robert Brown,Su-27,423.263934262772,0.7,5,2500,5200,434.54437385573334
Cairo,3,Chris Walker,F-35,423.263934262772,0.7,7,3000,6000,434.4620941666707
Tripoli,2,Jane Smith,Rafale,2069.8614473917582,0.7,6,2130,4700,434.0749281040268
Tripoli,2,John Doe,F-35,2069.8614473917582,0.7,8,3000,6000,433.60525774563405
Beirut,3,Robert Brown,F-35,237.14963162214966,0.7,5,3000,6000,433.0525416915674
Tripoli,2,Michael Johnson,Rafale,2069.8614473917582,0.7,7,2130,4700,432.54483838244096
Khartoum,2,Chris Walker,MiG-29,1823.6537591091578,0.7,7,2450,4500,432.5106914029307
Sanaa,4,Emily Davis,Eurofighter Typhoon,2040.0145825054285,0.7,9,2495,5600,432.25653921302705
Riyadh,4,Michael Johnson,F/A-18,1373.5457867993355,0.7,7,1915,4900,432.185838645524
Khartoum,2,Jane Smith,F/A-18,1823.6537591091578,0.7,6,1915,4900,432.16145286160764
Beirut,3,David Lee,F-35,237.14963162214966,0.7,6,3000,6000,431.9503315550259
Tehran,5,Sarah Wilson,F-35,1558.701678658198,0.7,8,3000,6000,431.8484782067506
Khartoum,2,John Doe,Rafale,1823.6537591091578,0.7,8,2130,4700,431.6127997144691
Khartoum,2,Emily Davis,Su-27,1823.6537591091578,0.7,9,2500,5200,431.50610714700207
Tripoli,2,Sarah Wilson,F-35,2069.8614473917582,0.7,8,3000,6000,431.4528209511009
Riyadh,4,Jane Smith,Su-27,1373.5457867993355,0.7,6,2500,5200,430.459466168865
Khartoum,2,Sarah Wilson,Eurofighter Typhoon,1823.6537591091578,0.7,8,2495,5600,430.2906241331517
Riyadh,4,Emily Davis,F-35,1373.5457867993355,0.7,9,3000,6000,430.05417252455163
Riyadh,4,David Lee,Su-27,1373.5457867993355,0.7,6,2500,5200,429.7443285054718
Tripoli,2,Sarah Wilson,F-16,2069.8614473917582,0.7,8,2400,5000,429.39229754826994
Cairo,3,David Lee,Eurofighter Typhoon,423.263934262772,0.7,6,2495,5600,429.2122514928074
Sanaa,4,Chris Walker,Su-27,2040.0145825054285,0.7,7,2500,5200,428.81432773671486
Tripoli,2,John Doe,Su-27,2069.8614473917582,0.7,8,2500,5200,428.5519690968284
Cairo,3,Robert Brown,F-16,423.263934262772,0.7,5,2400,5000,428.380921664506
Tripoli,2,Jane Smith,F-16,2069.8614473917582,0.7,6,2400,5000,427.8343546230962
Sanaa,4,Chris Walker,MiG-29,2040.0145825054285,0.7,7,2450,4500,427.41681023515395
Khartoum,2,Michael Johnson,Eurofighter Typhoon,1823.6537591091578,0.7,7,2495,5600,425.8873825036737
Sanaa,4,Daniel Harris,F-16,2040.0145825054285,0.7,4,2400,5000,424.48395975632957
Tripoli,2,Jane Smith,Su-27,2069.8614473917582,0.7,6,2500,5200,424.38401521605374
Cairo,3,David Lee,Su-27,423.263934262772,0.7,6,2500,5200,424.3016011305411
Tripoli,2,John Doe,Eurofighter Typhoon,2069.8614473917582,0.7,8,2495,5600,424.29115300683605
Tehran,5,Robert Brown,MiG-29,1558.701678658198,0.7,5,2450,4500,424.2596569570918
Sanaa,4,Sarah Wilson,Eurofighter Typhoon,2040.0145825054285,0.7,8,2495,5600,424.20288405399606
Beirut,3,Jane Smith,Su-27,237.14963162214966,0.7,6,2500,5200,424.1948898891989
Riyadh,4,Daniel Harris,Rafale,1373.5457867993355,0.7,4,2130,4700,423.6059956207103
Beirut,3,Daniel Harris,F-35,237.14963162214966,0.7,4,3000,6000,422.9936786785719
Cairo,3,Daniel Harris,Rafale,423.263934262772,0.7,4,2130,4700,422.88156802698427
Khartoum,2,Michael Johnson,F/A-18,1823.6537591091578,0.7,7,1915,4900,422.79576909981864
Tripoli,2,Chris Walker,Rafale,2069.8614473917582,0.7,7,2130,4700,422.63642872907883
Riyadh,4,Robert Brown,F/A-18,1373.5457867993355,0.7,5,1915,4900,422.1287964947098
Riyadh,4,Daniel Harris,F-16,1373.5457867993355,0.7,4,2400,5000,421.9902100746714
Sanaa,4,Chris Walker,F/A-18,2040.0145825054285,0.7,7,1915,4900,421.91120261978455
Tripoli,2,David Lee,F-16,2069.8614473917582,0.7,6,2400,5000,421.79317964921785
Khartoum,2,David Lee,F-16,1823.6537591091578,0.7,6,2400,5000,420.9326405931737
Khartoum,2,Chris Walker,F-16,1823.6537591091578,0.7,7,2400,5000,420.58324916803184
Beirut,3,Daniel Harris,F-16,237.14963162214966,0.7,4,2400,5000,420.5383954428358
Riyadh,4,David Lee,Rafale,1373.5457867993355,0.7,6,2130,4700,420.2678907589787
Cairo,3,Robert Brown,MiG-29,423.263934262772,0.7,5,2450,4500,419.8328880861812
Sanaa,4,Robert Brown,MiG-29,2040.0145825054285,0.7,5,2450,4500,419.55473531733253
Khartoum,2,Michael Johnson,Rafale,1823.6537591091578,0.7,7,2130,4700,419.28942305089174
Cairo,3,Chris Walker,F/A-18,423.263934262772,0.7,7,1915,4900,419.1409898776992
Tripoli,2,Sarah Wilson,Eurofighter Typhoon,2069.8614473917582,0.7,8,2495,5600,418.7375772663306
Sanaa,4,Robert Brown,Eurofighter Typhoon,2040.0145825054285,0.7,5,2495,5600,418.29386859876536
Sanaa,4,Daniel Harris,Su-27,2040.0145825054285,0.7,4,2500,5200,418.08004711897104
Beirut,3,Jane Smith,Eurofighter Typhoon,237.14963162214966,0.7,6,2495,5600,417.67284374149165
Tripoli,2,Jane Smith,Eurofighter Typhoon,2069.8614473917582,0.7,6,2495,5600,416.8374776819943
Sanaa,4,Jane Smith,F/A-18,2040.0145825054285,0.7,6,1915,4900,416.7215984457966
Tripoli,2,Chris Walker,Su-27,2069.8614473917582,0.7,7,2500,5200,416.3225753197615
Beirut,3,Daniel Harris,Su-27,237.14963162214966,0.7,4,2500,5200,416.03280131495217
Riyadh,4,Robert Brown,F-16,1373.5457867993355,0.7,5,2400,5000,415.7157436475926
Riyadh,4,Jane Smith,F-35,1373.5457867993355,0.7,6,3000,6000,415.0305764937035
Riyadh,4,Chris Walker,F-16,1373.5457867993355,0.7,7,2400,5000,414.3400331910347
Khartoum,2,Sarah Wilson,F-16,1823.6537591091578,0.7,8,2400,5000,414.20292799597564
Sanaa,4,David Lee,F/A-18,2040.0145825054285,0.7,6,1915,4900,414.19434118422697
Cairo,3,Jane Smith,Rafale,423.263934262772,0.7,6,2130,4700,414.1789426640075
Cairo,3,David Lee,F/A-18,423.263934262772,0.7,6,1915,4900,414.1358251664831
Khartoum,2,Emily Davis,F/A-18,1823.6537591091578,0.7,9,1915,4900,413.8503206911788
Riyadh,4,Daniel Harris,F/A-18,1373.5457867993355,0.7,4,1915,4900,413.64958248550454
Cairo,3,David Lee,F-16,423.263934262772,0.7,6,2400,5000,413.4330461217864
Tehran,5,Robert Brown,Eurofighter Typhoon,1558.701678658198,0.7,5,2495,5600,412.8955247092355
Sanaa,4,Daniel Harris,F/A-18,2040.0145825054285,0.7,4,1915,4900,411.5049293580986
Sanaa,4,David Lee,F-16,2040.0145825054285,0.7,6,2400,5000,411.36916687150926
Tripoli,2,David Lee,F/A-18,2069.8614473917582,0.7,6,1915,4900,411.0530669259504
Tripoli,2,Michael Johnson,Eurofighter Typhoon,2069.8614473917582,0.7,7,2495,5600,410.65473280071706
Tehran,5,Daniel Harris,F/A-18,1558.701678658198,0.7,4,1915,4900,409.64719259986236
Sanaa,4,Daniel Harris,F-35,2040.0145825054285,0.7,4,3000,6000,409.0829881861821
Khartoum,2,John Doe,MiG-29,1823.6537591091578,0.7,8,2450,4500,408.92820286269625
Tripoli,2,Robert Brown,Rafale,2069.8614473917582,0.7,5,2130,4700,408.4231284063476
Cairo,3,Jane Smith,Eurofighter Typhoon,423.263934262772,0.7,6,2495,5600,407.9167446737251
Tehran,5,David Lee,Eurofighter Typhoon,1558.701678658198,0.7,6,2495,5600,407.8920340835135
Beirut,3,Daniel Harris,Eurofighter Typhoon,237.14963162214966,0.7,4,2495,5600,407.7532627963354
Tripoli,2,Michael Johnson,Su-27,2069.8614473917582,0.7,7,2500,5200,406.82351582214847
Tripoli,2,David Lee,MiG-29,2069.8614473917582,0.7,6,2450,4500,406.7053522838132
Beirut,3,Robert Brown,F/A-18,237.14963162214966,0.7,5,1915,4900,406.585418526135
Cairo,3,Daniel Harris,Eurofighter Typhoon,423.263934262772,0.7,4,2495,5600,406.51884941740906
Riyadh,4,Robert Brown,Eurofighter Typhoon,1373.5457867993355,0.7,5,2495,5600,406.43192420834794
Tripoli,2,Chris Walker,MiG-29,2069.8614473917582,0.7,7,2450,4500,406.183576165184
Tripoli,2,Michael Johnson,MiG-29,2069.8614473917582,0.7,7,2450,4500,405.80377172683313
Cairo,3,Daniel Harris,F/A-18,423.263934262772,0.7,4,1915,4900,405.7031853703961
Khartoum,2,Sarah Wilson,Rafale,1823.6537591091578,0.7,8,2130,4700,405.4679547132193
Tehran,5,Robert Brown,F/A-18,1558.701678658198,0.7,5,1915,4900,405.01314987509244
Tehran,5,Daniel Harris,F-35,1558.701678658198,0.7,4,3000,6000,404.3022596659594
Cairo,3,Michael Johnson,Eurofighter Typhoon,423.263934262772,0.7,7,2495,5600,403.60531917498383
Cairo,3,Chris Walker,Eurofighter Typhoon,423.263934262772,0.7,7,2495,5600,402.9093110589174
Tehran,5,Jane Smith,F-35,1558.701678658198,0.7,6,3000,6000,402.9026028310965
Sanaa,4,Robert Brown,F/A-18,2040.0145825054285,0.7,5,1915,4900,402.40104004418197
Cairo,3,Robert Brown,Eurofighter Typhoon,423.263934262772,0.7,5,2495,5600,401.24572189830593
Khartoum,2,Daniel Harris,MiG-29,1823.6537591091578,0.7,4,2450,4500,400.72770941114175
Khartoum,2,Jane Smith,Rafale,1823.6537591091578,0.7,6,2130,4700,400.5227981792721
Tehran,5,Jane Smith,Eurofighter Typhoon,1558.701678658198,0.7,6,2495,5600,400.24948139449737
Riyadh,4,Daniel Harris,MiG-29,1373.5457867993355,0.7,4,2450,4500,399.75686909579326
Khartoum,2,Emily Davis,F-35,1823.6537591091578,0.7,9,3000,6000,399.2100356205059
Sanaa,4,Jane Smith,Rafale,2040.0145825054285,0.7,6,2130,4700,398.8898267222513
Khartoum,2,Robert Brown,Rafale,1823.6537591091578,0.7,5,2130,4700,398.2955430681674
Sanaa,4,Chris Walker,Eurofighter Typhoon,2040.0145825054285,0.7,7,2495,5600,396.4788585357291
Sanaa,4,Daniel Harris,Rafale,2040.0145825054285,0.7,4,2130,4700,396.3188552770532
Cairo,3,Jane Smith,F-35,423.263934262772,0.7,6,3000,6000,395.75759158490706
Tripoli,2,Jane Smith,F/A-18,2069.8614473917582,0.7,6,1915,4900,394.248645808251
Khartoum,2,Jessica Miller,F-35,1823.6537591091578,0.7,10,3000,6000,393.9440427643138
Tripoli,2,Emily Davis,Eurofighter Typhoon,2069.8614473917582,0.7,9,2495,5600,393.7317249311221
Riyadh,4,Michael Johnson,F-35,1373.5457867993355,0.7,7,3000,6000,393.1232786710312
Cairo,3,Robert Brown,Rafale,423.263934262772,0.7,5,2130,4700,391.52115137231675
Sanaa,4,David Lee,F-35,2040.0145825054285,0.7,6,3000,6000,390.80158117546955
Tripoli,2,John Doe,F-16,2069.8614473917582,0.7,8,2400,5000,389.3914687358503
Sanaa,4,Daniel Harris,Eurofighter Typhoon,2040.0145825054285,0.7,4,2495,5600,389.3596140309592
Khartoum,2,Robert Brown,F-35,1823.6537591091578,0.7,5,3000,6000,388.81091395637696
Khartoum,2,Emily Davis,Eurofighter Typhoon,1823.6537591091578,0.7,9,2495,5600,388.4938312065759
Khartoum,2,Jane Smith,F-35,1823.6537591091578,0.7,6,3000,6000,387.98428948460526
Sanaa,4,Michael Johnson,F-35,2040.0145825054285,0.7,7,3000,6000,387.97244506043086
Khartoum,2,David Lee,MiG-29,1823.6537591091578,0.7,6,2450,4500,387.62082796436715
Tripoli,2,David Lee,Su-27,2069.8614473917582,0.7,6,2500,5200,387.58687499391976
Tripoli,2,Chris Walker,F-16,2069.8614473917582,0.7,7,2400,5000,387.22872239023513
Tripoli,2,Chris Walker,F/A-18,2069.8614473917582,0.7,7,1915,4900,387.19898352011165
Tripoli,2,Sarah Wilson,F/A-18,2069.8614473917582,0.7,8,1915,4900,387.1742491992999
Khartoum,2,John Doe,Eurofighter Typhoon,1823.6537591091578,0.7,8,2495,5600,385.16765161885235
Tripoli,2,Michael Johnson,F-35,2069.8614473917582,0.7,7,3000,6000,384.38726057734135
Khartoum,2,David Lee,F/A-18,1823.6537591091578,0.7,6,1915,4900,383.91896510298125
Tehran,5,Daniel Harris,Su-27,1558.701678658198,0.7,4,2500,5200,383.91478258240994
Khartoum,2,Sarah Wilson,F-35,1823.6537591091578,0.7,8,3000,6000,383.4452344072408
Cairo,3,Daniel Harris,Su-27,423.263934262772,0.7,4,2500,5200,382.4988604884254
Khartoum,2,Chris Walker,F-35,1823.6537591091578,0.7,7,3000,6000,382.17812987922656
Tripoli,2,David Lee,Rafale,2069.8614473917582,0.7,6,2130,4700,381.99723742756663
Khartoum,2,Chris Walker,Rafale,1823.6537591091578,0.7,7,2130,4700,381.5036204897974
Riyadh,4,David Lee,Eurofighter Typhoon,1373.5457867993355,0.7,6,2495,5600,378.64219256346803
Sanaa,4,Robert Brown,F-35,2040.0145825054285,0.7,5,3000,6000,378.1046304312089
Tripoli,2,Robert Brown,F-35,2069.8614473917582,0.7,5,3000,6000,376.74745993206756
Tehran,5,Daniel Harris,F-16,1558.701678658198,0.7,4,2400,5000,375.77007233002024
Cairo,3,Daniel Harris,F-16,423.263934262772,0.7,4,2400,5000,375.1631017692731
Cairo,3,Robert Brown,F-35,423.263934262772,0.7,5,3000,6000,373.863338349221
Cairo,3,Daniel Harris,MiG-29,423.263934262772,0.7,4,2450,4500,371.4743790967354
Khartoum,2,Robert Brown,MiG-29,1823.6537591091578,0.7,5,2450,4500,367.737277480157
Sanaa,4,Daniel Harris,MiG-29,2040.0145825054285,0.7,4,2450,4500,366.4148543692703
Tripoli,2,Chris Walker,F-35,2069.8614473917582,0.7,7,3000,6000,365.8571515550799
Tripoli,2,Robert Brown,MiG-29,2069.8614473917582,0.7,5,2450,4500,364.36442183674126
Khartoum,2,Daniel Harris,Su-27,1823.6537591091578,0.7,4,2500,5200,363.9308714050893
Khartoum,2,John Doe,F-35,1823.6537591091578,0.7,8,3000,6000,363.3129456909166
Khartoum,2,Daniel Harris,Rafale,1823.6537591091578,0.7,4,2130,4700,363.0208410696709
Khartoum,2,Jane Smith,Eurofighter Typhoon,1823.6537591091578,0.7,6,2495,5600,362.52453584203863
Tehran,5,Daniel Harris,Eurofighter Typhoon,1558.701678658198,0.7,4,2495,5600,360.9891179244142
Tripoli,2,Jane Smith,MiG-29,2069.8614473917582,0.7,6,2450,4500,360.03745548986785
Khartoum,2,Chris Walker,Eurofighter Typhoon,1823.6537591091578,0.7,7,2495,5600,359.60249542629504
Tripoli,2,Michael Johnson,F-16,2069.8614473917582,0.7,7,2400,5000,358.9674533039235
Tripoli,2,Daniel Harris,MiG-29,2069.8614473917582,0.7,4,2450,4500,358.88999935453523
Tripoli,2,David Lee,Eurofighter Typhoon,2069.8614473917582,0.7,6,2495,5600,358.2783264175471
Khartoum,2,Daniel Harris,Eurofighter Typhoon,1823.6537591091578,0.7,4,2495,5600,358.08236788043826
Khartoum,2,Jane Smith,Su-27,1823.6537591091578,0.7,6,2500,5200,356.94710128558137
Riyadh,4,Daniel Harris,Eurofighter Typhoon,1373.5457867993355,0.7,4,2495,5600,355.5354357075434
Khartoum,2,David Lee,Eurofighter Typhoon,1823.6537591091578,0.7,6,2495,5600,355.3585314510993
Tripoli,2,Daniel Harris,Eurofighter Typhoon,2069.8614473917582,0.7,4,2495,5600,354.42002203920373
Tripoli,2,Robert Brown,Eurofighter Typhoon,2069.8614473917582,0.7,5,2495,5600,354.27981871167293
Khartoum,2,Robert Brown,Eurofighter Typhoon,1823.6537591091578,0.7,5,2495,5600,353.8765703193238
Khartoum,2,David Lee,F-35,1823.6537591091578,0.7,6,3000,6000,353.2536904689773
Khartoum,2,Robert Brown,F-16,1823.6537591091578,0.7,5,2400,5000,351.58460475697336
Khartoum,2,Robert Brown,F/A-18,1823.6537591091578,0.7,5,1915,4900,350.8463004518507
Tripoli,2,Robert Brown,F-16,2069.8614473917582,0.7,5,2400,5000,350.0454372002879
Khartoum,2,Daniel Harris,F-35,1823.6537591091578,0.7,4,3000,6000,349.98886564359594
Tripoli,2,Chris Walker,Eurofighter Typhoon,2069.8614473917582,0.7,7,2495,5600,349.4530268028383
Riyadh,4,Robert Brown,F-35,1373.5457867993355,0.7,5,3000,6000,349.32401517543326
Khartoum,2,Jane Smith,F-16,1823.6537591091578,0.7,6,2400,5000,348.8154823316166
Khartoum,2,Michael Johnson,F-35,1823.6537591091578,0.7,7,3000,6000,346.4461012860404
Khartoum,2,David Lee,Su-27,1823.6537591091578,0.7,6,2500,5200,342.8185547103057
Tripoli,2,Daniel Harris,F/A-18,2069.8614473917582,0.7,4,1915,4900,341.60506354341095
Tripoli,2,Robert Brown,Su-27,2069.8614473917582,0.7,5,2500,5200,341.2735288225166
Tripoli,2,David Lee,F-35,2069.8614473917582,0.7,6,3000,6000,334.7810032393319
Tripoli,2,Daniel Harris,Rafale,2069.8614473917582,0.7,4,2130,4700,333.73916805824166
Khartoum,2,Daniel Harris,F-16,1823.6537591091578,0.7,4,2400,5000,333.17656330731677
Tripoli,2,Jane Smith,F-35,2069.8614473917582,0.7,6,3000,6000,332.93165853593973
Tripoli,2,Robert Brown,F/A-18,2069.8614473917582,0.7,5,1915,4900,331.2525130328964
Cairo,3,Daniel Harris,F-35,423.263934262772,0.7,4,3000,6000,331.06985403368435
Tripoli,2,Daniel Harris,Su-27,2069.8614473917582,0.7,4,2500,5200,329.3689908486696
Riyadh,4,Daniel Harris,F-35,1373.5457867993355,0.7,4,3000,6000,326.84124861289143
Khartoum,2,Robert Brown,Su-27,1823.6537591091578,0.7,5,2500,5200,318.1873163769843
Khartoum,2,Daniel Harris,F/A-18,1823.6537591091578,0.7,4,1915,4900,315.9235270093713
Tripoli,2,Daniel Harris,F-16,2069.8614473917582,0.7,4,2400,5000,313.92521798449206
Tripoli,2,Daniel Harris,F-35,2069.8614473917582,0.7,4,3000,6000,296.7878343854643
